Symbol,Exchange,ScripCode,Company Name,ISIN Code,Segment,YF
3BFILMS,BSE,544412,3B Films Ltd,INE0TE101010,BSE SME,3BFILMS.BO
3CIT,BSE,544190,3C IT Solutions and Telecoms (India) Ltd,INE0R7D01018,BSE SME,3CIT.BO
AAPLUSTRAD,BSE,543319,AA Plus Tradelink Ltd,INE0C5901022,BSE SME,AAPLUSTRAD.BO
AASHKA,BSE,543346,Aashka Hospitals Ltd,INE0EAX01014,BSE SME,AASHKA.BO
AAYUSHBULL,BSE,540718,Aayush Art And Bullion Ltd,INE777X01017,BSE SME,AAYUSHBULL.BO
ABRFL,BSE,544422,Abram Food Ltd,INE0ZDY01011,BSE SME,ABRFL.BO
ABRIL,BSE,544500,Abril Paper Tech Ltd,INE15MX01014,BSE SME,ABRIL.BO
ACCELERATE,BSE,543938,Acceleratebs India Ltd,INE0POP01017,BSE SME,ACCELERATE.BO
ACCORDTS,BSE,544710,Accord Transformer & Switchgear Ltd,INE132201018,BSE SME,ACCORDTS.BO
ACEALPHA,BSE,544431,Ace Alpha Tech Ltd,INE0S9X01011,BSE SME,ACEALPHA.BO
ACFSL,BSE,536737,Amrapali Capital and Finance Services Ltd,INE218P01018,BSE SME,ACFSL.BO
ACLD,BSE,544213,Aelea Commodities Ltd,INE0T3401029,BSE SME,ACLD.BO
ACML,BSE,540146,Aditya Consumer Marketing Ltd,INE427V01013,BSE SME,ACML.BO
ADCOUNTY,BSE,544435,Adcounty Media India Ltd,INE0W1601012,BSE SME,ADCOUNTY.BO
ADESHWAR,BSE,543309,Adeshwar Meditex Ltd,INE0H8J01015,BSE SME,ADESHWAR.BO
ADHIRAJ,BSE,780018,Adhiraj Distributors Ltd,INE067R01015,BSE SME,ADHIRAJ.BO
ADISHAKTI,BSE,543377,Adishakti Loha and Ispat Ltd,INE0CWK01019,BSE SME,ADISHAKTI.BO
ADMACH,BSE,544669,Admach Systems Ltd,INE0XLO01010,BSE SME,ADMACH.BO
ADON,BSE,544809,Adon Agro Commodities Ltd,INE1SME01017,BSE SME,ADON.BO
ADVANCETL,BSE,544843,Advance Technoforge Ltd,INE13ZJ01010,BSE SME,ADVANCETL.BO
AEGEUS,BSE,544858,Aegeus Technologies Ltd,INE0WR901013,BSE SME,AEGEUS.BO
AFCOM,BSE,544224,Afcom Holdings Ltd,INE0OXY01013,BSE SME,AFCOM.BO
AFLTD,BSE,544767,Autofurnish Ltd,INE18HI01019,BSE SME,AFLTD.BO
AHASOLAR,BSE,543941,Ahasolar Technologies Ltd,INE0NEV01011,BSE SME,AHASOLAR.BO
AIKPIPES,BSE,544072,AIK Pipes and Polymers Ltd,INE0QFT01015,BSE SME,AIKPIPES.BO
AIRFLOA,BSE,544516,Airfloa Rail Technology Ltd,INE0XBS01012,BSE SME,AIRFLOA.BO
AJCJEWEL,BSE,544425,AJC Jewel Manufacturers Ltd,INE0XRR01010,BSE SME,AJCJEWEL.BO
ALKOSIGN,BSE,543453,Alkosign Ltd,INE0KA601012,BSE SME,ALKOSIGN.BO
ALPHAIND,BSE,543937,Alphalogic Industries Ltd,INE0NZF01019,BSE SME,ALPHAIND.BO
AMANAYA,BSE,543804,Amanaya Ventures Ltd,INE0G1V01016,BSE SME,AMANAYA.BO
AMBOAGRI,BSE,543678,Ambo Agritec Ltd,INE0N6V01016,BSE SME,AMBOAGRI.BO
AMEENJI,BSE,544555,Ameenji Rubber Ltd,INE14QA01016,BSE SME,AMEENJI.BO
AMIC,BSE,544037,Amic Forging Ltd,INE0P9J01013,BSE SME,AMIC.BO
AMKAY,BSE,544169,Amkay Products Ltd,INE0QSB01016,BSE SME,AMKAY.BO
AMRAFIN,BSE,539265,Amrapali Fincap Ltd,INE990S01016,BSE SME,AMRAFIN.BO
AMWILL,BSE,544353,Amwill Health Care Ltd,INE0U2L01017,BSE SME,AMWILL.BO
ANGEL,BSE,541006,Angel Fibers Ltd,INE339Z01011,BSE SME,ANGEL.BO
ANL,BSE,544694,Accretion Nutraveda Ltd,INE1KVQ01019,BSE SME,ANL.BO
ANUBHAV,BSE,544800,Anubhav Plast Ltd,INE1O7201010,BSE SME,ANUBHAV.BO
APL,BSE,544445,Asston Pharmaceuticals Ltd,INE0SJX01015,BSE SME,APL.BO
APPL,BSE,544529,Aptus Pharma Ltd,INE15XJ01010,BSE SME,APPL.BO
ARITAS,BSE,544683,Aritas Vinyl Ltd,INE1D8001016,BSE SME,ARITAS.BO
ARROWHEAD,BSE,544025,Arrowhead Seperation Engineering Ltd,INE0PP401015,BSE SME,ARROWHEAD.BO
ARTEMISADR,BSE,543286,Artemis ADR Marketplace Ltd,INE0D9X01018,BSE SME,ARTEMISADR.BO
ASARFI,BSE,543943,Asarfi Hospital Ltd,INE0DN001027,BSE SME,ASARFI.BO
ASCENSIVE,BSE,543443,Ascensive Educare Ltd,INE0E4I01027,BSE SME,ASCENSIVE.BO
ASSOCIATED,BSE,544183,Associated Coaters Ltd,INE0RIQ01013,BSE SME,ASSOCIATED.BO
ASTONEALAB,BSE,544409,Astonea Labs Ltd,INE0TG901011,BSE SME,ASTONEALAB.BO
ASTRONMULT,BSE,544628,Astron Multigrain Ltd,INE0RUY01012,BSE SME,ASTRONMULT.BO
ATENPAPERS,BSE,544417,Aten Papers & Foam Ltd,INE0XCV01014,BSE SME,ATENPAPERS.BO
ATHARVA,BSE,544812,Atharva Poly-Plast Ltd,INE226801012,BSE SME,ATHARVA.BO
ATHCON,BSE,539099,Athena Constructions Ltd,INE291R01011,BSE SME,ATHCON.BO
ATIL,BSE,544671,Apollo Techno Industries Ltd,INE0X4A01013,BSE SME,ATIL.BO
AUREATE,BSE,544772,Aureate Tradde Ltd,INE1KVL01010,BSE SME,AUREATE.BO
AUSTERE,BSE,544505,Austere Systems Ltd,INE104201012,BSE SME,AUSTERE.BO
AVAX,BSE,544337,Avax Apparels and Ornaments Ltd,INE0NQ401024,BSE SME,AVAX.BO
AZTEC,BSE,544177,Aztec Fluids & Machinery Ltd,INE0SCB01016,BSE SME,AZTEC.BO
BAIKAKAJI,BSE,544670,Bai-Kakaji Polymers Ltd,INE1IJQ01026,BSE SME,BAIKAKAJI.BO
BCCL,BSE,543497,Bhatia Colour Chem Ltd,INE0KQ001017,BSE SME,BCCL.BO
BDI,BSE,544468,B. D. Industries (Pune) Ltd,INE1LJ801017,BSE SME,BDI.BO
BEEZAASAN,BSE,544369,Beezaasan Explotech Ltd,INE13VU01016,BSE SME,BEEZAASAN.BO
BENARA,BSE,541178,Benara Bearings and Pistons Ltd,INE495Z01011,BSE SME,BENARA.BO
BENCHMARK,BSE,544052,Benchmark Computer Solutions Ltd,INE0Q2Z01013,BSE SME,BENCHMARK.BO
BHANDERI,BSE,538576,Bhanderi Infracon Ltd,INE336Q01016,BSE SME,BHANDERI.BO
BHARATROHAN,BSE,544535,Bharatrohan Airborne Innovations Ltd,INE0QMV01017,BSE SME,BHARATROHAN.BO
BHAVIK,BSE,544551,Bhavik Enterprises Ltd,INE18PB01017,BSE SME,BHAVIK.BO
BILLWIN,BSE,543209,Billwin Industries Ltd,INE0CRS01012,BSE SME,BILLWIN.BO
BINDALEXPO,BSE,540148,Bindal Exports Ltd,INE564V01013,BSE SME,BINDALEXPO.BO
BIZOTIC,BSE,543926,Bizotic Commercial Ltd,INE0OJ401014,BSE SME,BIZOTIC.BO
BLT,BSE,544474,BLT Logistics Ltd,INE0W4K01013,BSE SME,BLT.BO
BMAL,BSE,535279,Bothra Metals & Alloys Ltd,INE583M01012,BSE SME,BMAL.BO
BONDADA,BSE,543971,Bondada Engineering Ltd,INE0Q8P01029,BSE SME,BONDADA.BO
BRGIL,BSE,544335,B.R.Goyal Infrastructure Ltd,INE00ST01011,BSE SME,BRGIL.BO
BRIGHT,BSE,543831,Bright Outdoor Media Ltd,INE0OMI01019,BSE SME,BRIGHT.BO
BRISK,BSE,544101,Brisk Technovision Ltd,INE0Q6L01014,BSE SME,BRISK.BO
BROACH,BSE,544231,Broach Lifecare Hospital Ltd,INE0SFZ01018,BSE SME,BROACH.BO
BRRL,BSE,543543,B-Right Realestate Ltd,INE0IZQ01016,BSE SME,BRRL.BO
CARGOSOL,BSE,543621,Cargosol Logistics Ltd,INE0KZM01011,BSE SME,CARGOSOL.BO
CARGOTRANS,BSE,543618,Cargotrans Maritime Ltd,INE0M4L01013,BSE SME,CARGOTRANS.BO
CBPL,BSE,542934,Chandra Bhagat Pharma Ltd,INE07QQ01016,BSE SME,CBPL.BO
CCAL,BSE,544000,City Crops Agro Ltd,INE0M7501019,BSE SME,CCAL.BO
CFF,BSE,543920,CFF Fluid Control Ltd,INE0NJ001013,BSE SME,CFF.BO
CHATHA,BSE,544151,Chatha Foods Ltd,INE0AH901011,BSE SME,CHATHA.BO
CHCL,BSE,542678,Cian Healthcare Ltd,INE05BN01027,BSE SME,CHCL.BO
CHEMKART,BSE,544442,Chemkart India Ltd,INE0VWL01017,BSE SME,CHEMKART.BO
CHIRAHARIT,BSE,544561,Chiraharit Ltd,INE12P101018,BSE SME,CHIRAHARIT.BO
CHOTHANI,BSE,540681,Chothani Foods Ltd,INE344X01016,BSE SME,CHOTHANI.BO
CHTR,BSE,544546,Chatterbox Technologies Ltd,INE1B4801017,BSE SME,CHTR.BO
CITICHEM,BSE,544324,Citichem India Ltd,INE0A8401016,BSE SME,CITICHEM.BO
CITYSQUARE,BSE,544514,Jay Ambe Supermarkets Ltd,INE1DRH01011,BSE SME,CITYSQUARE.BO
CLARA,BSE,543435,Clara Industries Ltd,INE0JJS01014,BSE SME,CLARA.BO
CLN,BSE,544347,CLN Energy Ltd,INE0WDX01010,BSE SME,CLN.BO
CNCRD,BSE,543619,Concord Control Systems Ltd,INE0N0J01014,BSE SME,CNCRD.BO
CNINFOTECH,BSE,544343,Capitalnumbers Infotech Ltd,INE0WXM01011,BSE SME,CNINFOTECH.BO
COMMAND,BSE,543843,Command Polymers Ltd,INE0LKQ01012,BSE SME,COMMAND.BO
COMRADE,BSE,543921,Comrade Appliances Ltd,INE0NXA01015,BSE SME,COMRADE.BO
CONTAINE,BSE,543606,Containe Technologies Ltd,INE0M8901010,BSE SME,CONTAINE.BO
COSMICCRF,BSE,543928,Cosmic CRF Ltd,INE0ORA01015,BSE SME,COSMICCRF.BO
COSPOWER,BSE,543172,Cospower Engineering Ltd,INE0CQB01010,BSE SME,COSPOWER.BO
COTFAB,BSE,544195,United Cotfab Ltd,INE0S0I01011,BSE SME,COTFAB.BO
CPML,BSE,542727,City Pulse Multiventures Ltd,INE056001014,BSE SME,CPML.BO
CRAZY,BSE,544807,Crazy Snacks Ltd,INE0RBX01014,BSE SME,CRAZY.BO
CRYOGENIC,BSE,544440,Cryogenic Ogs Ltd,INE0TL001013,BSE SME,CRYOGENIC.BO
CTCL,BSE,540652,Captain Technocast Ltd,INE931X01010,BSE SME,CTCL.BO
CTLLAB,BSE,544220,Clinitech Laboratory Ltd,INE0QMR01015,BSE SME,CTLLAB.BO
CWD,BSE,543378,CWD Ltd,INE0H8H01019,BSE SME,CWD.BO
DACHEPALLI,BSE,544667,Dachepalli Publishers Ltd,INE1F9M01018,BSE SME,DACHEPALLI.BO
DAPS,BSE,543651,DAPS Advertising Ltd,INE975Z01012,BSE SME,DAPS.BO
DAVIN,BSE,544331,Davin Sons Retail Ltd,INE0Q2L01013,BSE SME,DAVIN.BO
DEEPAKCHEM,BSE,544036,Deepak Chemtex Ltd,INE0RDM01013,BSE SME,DEEPAKCHEM.BO
DEFRAIL,BSE,544677,Defrail Technologies Ltd,INE0ZE201010,BSE SME,DEFRAIL.BO
DESCO,BSE,544387,Desco Infratech Ltd,INE0TGG01014,BSE SME,DESCO.BO
DEVLAB,BSE,543848,Dev Labtech Venture Ltd,INE0NIJ01025,BSE SME,DEVLAB.BO
DEVSON,BSE,544823,Devson Catalyst Ltd,INE2KRP01017,BSE SME,DEVSON.BO
DFPL,BSE,544201,Dindigul Farm Product Ltd,INE0S6R01027,BSE SME,DFPL.BO
DGL,BSE,542155,Diksha Greens Ltd,INE01GR01018,BSE SME,DGL.BO
DHARNI,BSE,543753,Dharni Capital Services Ltd,INE0M9Q01011,BSE SME,DHARNI.BO
DHAVAL,BSE,544854,Dhaval Packaging Ltd,INE1HX301016,BSE SME,DHAVAL.BO
DHILLON,BSE,544556,Dhillon Freight Carrier Ltd,INE0SPJ01011,BSE SME,DHILLON.BO
DHYAANITR,BSE,543516,Dhyaani Tradeventtures Ltd,INE0K5F01014,BSE SME,DHYAANITR.BO
DIGILOGIC,BSE,544684,Digilogic Systems Ltd,INE1OOT01028,BSE SME,DIGILOGIC.BO
DIKSAT,BSE,540151,Diksat Transworld Ltd,INE942P01013,BSE SME,DIKSAT.BO
DIKSHA,BSE,544798,Diksha Polymers Ltd,INE1OSI01014,BSE SME,DIKSHA.BO
DKUAL,BSE,544170,Dolphin Kitchen Utensils and Appliances Ltd,INE0QXT01018,BSE SME,DKUAL.BO
DLCL,BSE,541299,Dr Lalchandani Labs Ltd,INE871Z01013,BSE SME,DLCL.BO
DML,BSE,540811,Diggi Multitrade Ltd,INE158R01012,BSE SME,DML.BO
DMR,BSE,543410,DMR Engineering Ltd,INE07L501010,BSE SME,DMR.BO
DPL,BSE,543594,Dipna Pharmachem Ltd,INE0MC401013,BSE SME,DPL.BO
DRA,BSE,540144,DRA Consultants Ltd,INE746V01016,BSE SME,DRA.BO
DRONACHRYA,BSE,543713,Droneacharya Aerial Innovations Ltd,INE0MQD01015,BSE SME,DRONACHRYA.BO
EARKART,BSE,544549,Earkart Ltd,INE1A8F01035,BSE SME,EARKART.BO
EARTH,BSE,543765,Earthstahl & Alloys Ltd,INE0O4V01010,BSE SME,EARTH.BO
EIGHTY,BSE,543518,Eighty Jewellers Ltd,INE0KSN01014,BSE SME,EIGHTY.BO
EKENNIS,BSE,543475,Ekennis Software Service Ltd,INE0KCM01010,BSE SME,EKENNIS.BO
ELFIN,BSE,544724,Elfin Agro India Ltd,INE1FEW01013,BSE SME,ELFIN.BO
EMIAC,BSE,544747,Emiac Technologies Ltd,INE1OSW01015,BSE SME,EMIAC.BO
EMMFORCE,BSE,544166,Emmforce Autotech Ltd,INE0SDC01012,BSE SME,EMMFORCE.BO
EPBIO,BSE,543595,EP Biocomposites Ltd,INE0D2I01014,BSE SME,EPBIO.BO
ESSEX,BSE,544475,Essex Marine Ltd,INE1IBY01019,BSE SME,ESSEX.BO
EUPHORIAIT,BSE,544094,Euphoria Infotech (India) Ltd,INE0PYT01018,BSE SME,EUPHORIAIT.BO
EVANS,BSE,542668,Evans Electric Ltd,INE06TD01010,BSE SME,EVANS.BO
EVOQ,BSE,543500,Evoq Remedies Ltd,INE0JVD01011,BSE SME,EVOQ.BO
EXATO,BSE,544626,Exato Technologies Ltd,INE1E4401010,BSE SME,EXATO.BO
EXHICON,BSE,543895,Exhicon Events Media Solutions Ltd,INE0O8901016,BSE SME,EXHICON.BO
FAALCON,BSE,544164,Faalcon Concepts Ltd,INE0Q9W01015,BSE SME,FAALCON.BO
FABCLEAN,BSE,544332,Fabtech Technologies Cleanrooms Ltd,INE0HSD01011,BSE SME,FABCLEAN.BO
FABINO,BSE,543444,Fabino Enterprises Ltd,INE0DRT01018,BSE SME,FABINO.BO
FIL,BSE,544707,Fractal Industries Ltd,INE1W3Q01011,BSE SME,FIL.BO
FILTRA,BSE,539098,Filtra Consultants and Engineers Ltd,INE541R01019,BSE SME,FILTRA.BO
FOCUS,BSE,543312,Focus Business Solution Ltd,INE0DXR01010,BSE SME,FOCUS.BO
FONE4,BSE,543521,Fone4 Communications (India) Ltd,INE0L3H01014,BSE SME,FONE4.BO
FRANKLIN,BSE,539839,Franklin Leasing and Finance Ltd,INE399S01010,BSE SME,FRANKLIN.BO
FTL,BSE,544173,Finelistings Technologies Ltd,INE0QOQ01013,BSE SME,FTL.BO
GALLARD,BSE,544616,Gallard Steel Ltd,INE0BUQ01012,BSE SME,GALLARD.BO
GANGAPHARM,BSE,539680,Ganga Pharmaceuticals Ltd,INE615T01017,BSE SME,GANGAPHARM.BO
GANVERSE,BSE,539041,Ganesha Ecoverse Ltd,INE369Q01017,BSE SME,GANVERSE.BO
GARGI,BSE,543709,PNGS Gargi Fashion Jewellery Ltd,INE0NT601018,BSE SME,GARGI.BO
GBLOGISTIC,BSE,544348,GB Logistics Commerce Ltd,INE0RWU01016,BSE SME,GBLOGISTIC.BO
GCMCAPI,BSE,538319,GCM Capital Advisors Ltd,INE191P01017,BSE SME,GCMCAPI.BO
GCMCOMM,BSE,535917,GCM Commodity & Derivatives Ltd,INE200P01016,BSE SME,GCMCOMM.BO
GCONNECT,BSE,544156,Gconnect Logitech and Supply Chain Ltd,INE0QHY01011,BSE SME,GCONNECT.BO
GEL,BSE,540613,Gautam Exim Ltd,INE721X01023,BSE SME,GEL.BO
GEMENVIRO,BSE,544199,GEM Enviro Management Ltd,INE0RUJ01013,BSE SME,GEMENVIRO.BO
GETALONG,BSE,543372,Getalong Enterprise Ltd,INE0H1201020,BSE SME,GETALONG.BO
GHUSHINE,BSE,539864,Ghushine Fintrrade Ocean Ltd,INE009U01011,BSE SME,GHUSHINE.BO
GLAAMUP,BSE,542477,Glaam Up Jwel Ltd,INE03CM01014,BSE SME,GLAAMUP.BO
GLEN,BSE,544444,Glen Industries Ltd,INE0UMC01019,BSE SME,GLEN.BO
GLHRL,BSE,543520,Global Longlife Hospital and Research Ltd,INE0J2K01014,BSE SME,GLHRL.BO
GLOBALLOG,BSE,544665,Global Ocean Logistics India Ltd,INE1ITY01011,BSE SME,GLOBALLOG.BO
GLOBTIER,BSE,544494,Globtier Infotech Ltd,INE12P601017,BSE SME,GLOBTIER.BO
GLPL,BSE,544759,Goldline Pharmaceutical Ltd,INE1CLW01015,BSE SME,GLPL.BO
GMPL,BSE,543239,G M Polyplast Ltd,INE0E2801015,BSE SME,GMPL.BO
GOBLIN,BSE,542850,Goblin India Ltd,INE492Z01018,BSE SME,GOBLIN.BO
GOEL,BSE,543538,Goel Food Products Ltd,INE0K6L01010,BSE SME,GOEL.BO
GOELCONS,BSE,544504,Goel Construction Company Ltd,INE0ZOM01013,BSE SME,GOELCONS.BO
GPAPL,BSE,544548,Gujarat Peanut And Agri Products Ltd,INE0SIK01014,BSE SME,GPAPL.BO
GPSL,BSE,544108,Gabriel Pet Straps Ltd,INE0QZF01012,BSE SME,GPSL.BO
GRERENEW,BSE,544682,GRE Renew Enertech Ltd,INE0U8P01015,BSE SME,GRERENEW.BO
GTIL,BSE,544675,Gabion Technologies India Ltd,INE1H1501013,BSE SME,GTIL.BO
GUJHYSPIN,BSE,540938,Gujarat Hy-Spin Ltd,INE578V01013,BSE SME,GUJHYSPIN.BO
GULFLLOYDS,BSE,544834,Gulf Lloyds (India) Ltd,INE1WDC01012,BSE SME,GULFLLOYDS.BO
GVL,BSE,544163,Greenhitech Ventures Ltd,INE0S0701019,BSE SME,GVL.BO
HAMPS,BSE,544312,Hamps Bio Ltd,INE0QBD01018,BSE SME,HAMPS.BO
HANMAN,BSE,538731,Hanman Fit Ltd,INE982Q01017,BSE SME,HANMAN.BO
HANNAH,BSE,544687,Hannah Joseph Hospital Ltd,INE0JVH01012,BSE SME,HANNAH.BO
HARIKANTA,BSE,544769,Harikanta Overseas Ltd,INE1UYW01010,BSE SME,HARIKANTA.BO
HARSHDEEP,BSE,544105,Harshdeep Hortico Ltd,INE0OLZ01015,BSE SME,HARSHDEEP.BO
HASJUICE,BSE,780014,Has Lifestyle Ltd,INE888Q01016,BSE SME,HASJUICE.BO
HBEL,BSE,542592,Humming Bird Education Ltd,INE02PC01027,BSE SME,HBEL.BO
HEALTHYLIFE,BSE,543546,Healthy Life Agritec Ltd,INE0L3501015,BSE SME,HEALTHYLIFE.BO
HELLOJI,BSE,544630,Helloji Holidays Ltd,INE1FJE01010,BSE SME,HELLOJI.BO
HIGHNESS,BSE,544741,Highness Microelectronics Ltd,INE1KI801019,BSE SME,HIGHNESS.BO
HMEML,BSE,544349,H.M. Electro Mech Ltd,INE0DZD01015,BSE SME,HMEML.BO
HORIZON,BSE,544794,Horizon Reclaim (India) Ltd,INE1SEO01013,BSE SME,HORIZON.BO
HRHYGIENE,BSE,544848,H. R. Hygiene Products Ltd,INE17DP01015,BSE SME,HRHYGIENE.BO
HRS,BSE,544656,HRS Aluglaze Ltd,INE1E1V01017,BSE SME,HRS.BO
HSIL,BSE,543916,Hemant Surgical Industries Ltd,INE0GYI01028,BSE SME,HSIL.BO
ICODEX,BSE,544483,Icodex Publishing Solutions Ltd,INE111601014,BSE SME,ICODEX.BO
ICON,BSE,544426,Icon Facilitators Ltd,INE0Y0E01012,BSE SME,ICON.BO
IDENTIXWEB,BSE,544388,Identixweb Ltd,INE0PA401012,BSE SME,IDENTIXWEB.BO
INDOBELL,BSE,544334,Indobell Insulations Ltd,INE0FK501019,BSE SME,INDOBELL.BO
INDONG,BSE,543769,Indong Tea Company Ltd,INE0KN201016,BSE SME,INDONG.BO
INDOSMC,BSE,544681,INDO SMC Ltd,INE0WKY01013,BSE SME,INDOSMC.BO
INFINITY,BSE,544567,Infinity Infoway Ltd,INE16XA01017,BSE SME,INFINITY.BO
INFLAME,BSE,541083,Inflame Appliances Ltd,INE464Z01017,BSE SME,INFLAME.BO
INFONATIVE,BSE,544393,Infonative Solutions Ltd,INE12IB01015,BSE SME,INFONATIVE.BO
INNOKAIZ,BSE,543905,Innokaiz India Ltd,INE0LDI01022,BSE SME,INNOKAIZ.BO
INNOVATIVE,BSE,541983,Innovative Ideals and Services (India) Ltd,INE492Y01011,BSE SME,INNOVATIVE.BO
INNOVATORS,BSE,541353,Innovators Facade Systems Ltd,INE870Z01015,BSE SME,INNOVATORS.BO
ITCONS,BSE,543806,ITCONS E-Solutions Ltd,INE0O6A01019,BSE SME,ITCONS.BO
JAYANT,BSE,543544,Jayant Infratech Ltd,INE0KR801019,BSE SME,JAYANT.BO
JAYKAILASH,BSE,544160,Jay Kailash Namkeen Ltd,INE0MSS01019,BSE SME,JAYKAILASH.BO
JDCABLES,BSE,544524,JD Cables Ltd,INE14VP01014,BSE SME,JDCABLES.BO
JETSOLAR,BSE,538794,Jet Solar Ltd,INE155R01018,BSE SME,JETSOLAR.BO
JFL,BSE,540850,Jhandewalas Foods Ltd,INE841Y01019,BSE SME,JFL.BO
JIGAR,BSE,540651,Jigar Cables Ltd,INE943X01015,BSE SME,JIGAR.BO
JIVIAL,BSE,544805,Jivial Industries Ltd,INE0V3T01017,BSE SME,JIVIAL.BO
JOINTECAED,BSE,534659,Jointeca Education Solutions Ltd,INE131N01018,BSE SME,JOINTECAED.BO
JONJUA,BSE,542446,Jonjua Overseas Ltd,INE793Z01027,BSE SME,JONJUA.BO
JSHL,BSE,538765,JLA Infraville Shoppers Ltd,INE401Q01018,BSE SME,JSHL.BO
JUNGLECAMP,BSE,544304,Jungle Camps India Ltd,INE0WCH01015,BSE SME,JUNGLECAMP.BO
JUSTO,BSE,544542,Justo Realfintech Ltd,INE0W5Q01017,BSE SME,JUSTO.BO
KAARYAFSL,BSE,540756,Kaarya Facilities and Services Ltd,INE282Y01016,BSE SME,KAARYAFSL.BO
KAHAN,BSE,543979,Kahan Packaging Ltd,INE04T901017,BSE SME,KAHAN.BO
KAKA,BSE,543939,Kaka Industries Ltd,INE0P3N01018,BSE SME,KAKA.BO
KALYANI,BSE,544023,Kalyani Cast-Tech Ltd,INE0N6U01018,BSE SME,KALYANI.BO
KANISHK,BSE,544693,Kanishk Aluminium India Ltd,INE163401016,BSE SME,KANISHK.BO
KARBON,BSE,544511,Karbonsteel Engineering Ltd,INE0V8A01016,BSE SME,KARBON.BO
KASTURI,BSE,544688,Kasturi Metal Composite Ltd,INE0T1301023,BSE SME,KASTURI.BO
KCSL,BSE,537784,Karnimata Cold Storage Ltd,INE576P01019,BSE SME,KCSL.BO
KDML,BSE,539788,Khemani Distributors & Marketing Ltd,INE030U01025,BSE SME,KDML.BO
KENRIK,BSE,544398,Kenrik Industries Ltd,INE0AOG01018,BSE SME,KENRIK.BO
KESAR,BSE,543542,Kesar India Ltd,INE0L1C01019,BSE SME,KESAR.BO
KGVL,BSE,544270,Khyati Global Ventures Ltd,INE0S9501014,BSE SME,KGVL.BO
KHAZANCHI,BSE,543953,Khazanchi Jewellers Ltd,INE0OWC01011,BSE SME,KHAZANCHI.BO
KIAASA,BSE,544711,Kiaasa Retail Ltd,INE1C3F01018,BSE SME,KIAASA.BO
KIZI,BSE,544221,Kizi Apparels Ltd,INE0RMR01013,BSE SME,KIZI.BO
KKSHL,BSE,544013,KK Shah Hospitals Ltd,INE0OH401016,BSE SME,KKSHL.BO
KKSILK,BSE,544624,K K Silk Mills Ltd,INE0EOJ01014,BSE SME,KKSILK.BO
KLASSROOM,BSE,544856,Fusion Klassroom Edutech Ltd,INE1LMA01010,BSE SME,KLASSROOM.BO
KMSMEDI,BSE,540468,KMS Medisurgi Ltd,INE870V01014,BSE SME,KMSMEDI.BO
KOURA,BSE,544139,Koura Fine Diamond Jewelry Ltd,INE0M8R01011,BSE SME,KOURA.BO
KPGEL,BSE,544150,KP Green Engineering Ltd,INE0QVH01025,BSE SME,KPGEL.BO
KRATIKAL,BSE,544811,Kratikal Tech Ltd,INE1L0M01019,BSE SME,KRATIKAL.BO
KRUPALU,BSE,544509,Krupalu Metals Ltd,INE0XZB01017,BSE SME,KRUPALU.BO
KVSCASTING,BSE,544554,KVS Castings Ltd,INE163701019,BSE SME,KVSCASTING.BO
KVTOYS,BSE,544641,K. V. Toys India Ltd,INE1IE301018,BSE SME,KVTOYS.BO
LABELKRAFT,BSE,543830,Labelkraft Technologies Ltd,INE0NLJ01011,BSE SME,LABELKRAFT.BO
LAXMIPATI,BSE,537669,Laxmipati Engineering Works Ltd,INE920P01019,BSE SME,LAXMIPATI.BO
LESL,BSE,544797,Leapfrog Engineering Services Ltd,INE0X6O01027,BSE SME,LESL.BO
LEX,BSE,541196,Lex Nimble Solutions Ltd,INE860Y01019,BSE SME,LEX.BO
LGLL,BSE,544341,Landmark Global Learning Ltd,INE12QA01010,BSE SME,LGLL.BO
LGT,BSE,544489,LGT Global Hospitality Ltd,INE191201016,BSE SME,LGT.BO
LIOTECH,BSE,544796,Liotech Industries Ltd,INE0TKX01011,BSE SME,LIOTECH.BO
LKMEHTA,BSE,544366,L.K.Mehta Polymers Ltd,INE0FFF01017,BSE SME,LKMEHTA.BO
LOGICA,BSE,543746,Logica Infoway Ltd,INE0BSU01018,BSE SME,LOGICA.BO
LOGICIEL,BSE,544625,Logiciel Solutions Ltd,INE1BA901016,BSE SME,LOGICIEL.BO
LTELEVATOR,BSE,544518,L. T. Elevator Ltd,INE0TJ801010,BSE SME,LTELEVATOR.BO
LUXURY,BSE,544635,Luxury Time Ltd,INE1CJB01013,BSE SME,LUXURY.BO
MACH,BSE,541973,Mac Hotels Ltd,INE004Z01011,BSE SME,MACH.BO
MACHLTD,BSE,544248,Mach Travel Solutions Ltd,INE0UYT01018,BSE SME,MACHLTD.BO
MAFIA,BSE,543613,Mafia Trends Ltd,INE0KQQ01011,BSE SME,MAFIA.BO
MAGENTA,BSE,544188,Magenta Lifecare Ltd,INE0QZ901011,BSE SME,MAGENTA.BO
MAHALIFE,BSE,544611,Mahamaya Lifesciences Ltd,INE0U9D01019,BSE SME,MAHALIFE.BO
MAHIP,BSE,542503,Mahip Industries Ltd,INE00CX01017,BSE SME,MAHIP.BO
MAIDEN,BSE,543874,Maiden Forgings Ltd,INE0O1T01010,BSE SME,MAIDEN.BO
MALA,BSE,544835,Shree Balaji (Mala) Textiles Ltd,INE1N3Y01016,BSE SME,MALA.BO
MALPANI,BSE,544351,Malpani Pipes And Fittings Ltd,INE0YON01014,BSE SME,MALPANI.BO
MANAS,BSE,540402,Manas Properties Ltd,INE800W01019,BSE SME,MANAS.BO
MANGALCOMP,BSE,544287,Mangal Compusolution Ltd,INE0RU901015,BSE SME,MANGALCOMP.BO
MANIVENI,BSE,544768,M.R.Maniveni Foods Ltd,INE0YD301010,BSE SME,MANIVENI.BO
MANOJJEWEL,BSE,544400,Manoj Jewellers Ltd,INE0MV001018,BSE SME,MANOJJEWEL.BO
MARCLOIRE,BSE,544437,Marc Loire Fashions Ltd,INE0TBQ01014,BSE SME,MARCLOIRE.BO
MCFL,BSE,544106,Mayank Cattle Food Ltd,INE0R5Z01015,BSE SME,MCFL.BO
MCPL,BSE,544073,Manoj Ceramic Ltd,INE0A6N01026,BSE SME,MCPL.BO
MDRC,BSE,544673,Modern Diagnostic & Research Centre Ltd,INE1HK501016,BSE SME,MDRC.BO
MEHUL,BSE,544472,Mehul Colours Ltd,INE1KH601014,BSE SME,MEHUL.BO
METAINFO,BSE,544441,Meta Infotech Ltd,INE162901016,BSE SME,METAINFO.BO
METHODHUB,BSE,544637,Methodhub Software Ltd,INE0QZR01017,BSE SME,METHODHUB.BO
MHEL,BSE,540150,Mewar Hi-Tech Engineering Ltd,INE957U01011,BSE SME,MHEL.BO
MILEFUR,BSE,541337,Milestone Furniture Ltd,INE424Z01011,BSE SME,MILEFUR.BO
MILLWORKS,BSE,544826,Millworks Technologies Ltd,INE1SRC01010,BSE SME,MILLWORKS.BO
MISHDESIGN,BSE,544015,Mish Designs Ltd,INE0QI101019,BSE SME,MISHDESIGN.BO
MISQUITA,BSE,542801,Misquita Engineering Ltd,INE957W01025,BSE SME,MISQUITA.BO
MITTALSTL,BSE,544575,Mittal Sections Ltd,INE833Q01012,BSE SME,MITTALSTL.BO
MNFL,BSE,544623,Mother Nutri Foods Ltd,INE0UH001016,BSE SME,MNFL.BO
MONIKA,BSE,544451,Monika Alcobev Ltd,INE0LCG01010,BSE SME,MONIKA.BO
MPKSTEELS,BSE,544553,M P K Steels (I) Ltd,INE1PJP01015,BSE SME,MPKSTEELS.BO
MRP,BSE,543262,MRP Agro Ltd,INE0D7801012,BSE SME,MRP.BO
MRTX,BSE,544773,Merritronix Ltd,INE1RQS01010,BSE SME,MRTX.BO
MSAFE,BSE,544695,Msafe Equipments Ltd,INE2B5L01011,BSE SME,MSAFE.BO
MSECL,BSE,544453,Monarch Surveyors and Engineering Consultants Ltd,INE0V0L01028,BSE SME,MSECL.BO
MTL,BSE,544751,Mehul Telecom Ltd,INE1K0V01011,BSE SME,MTL.BO
NACDAC,BSE,544313,NACDAC Infrastructure Ltd,INE0LB101011,BSE SME,NACDAC.BO
NANTA,BSE,544668,Nanta Tech Ltd,INE0YJA01011,BSE SME,NANTA.BO
NAPSGLOBAL,BSE,544373,NAPS Global India Ltd,INE0VNH01014,BSE SME,NAPSGLOBAL.BO
NARMADESH,BSE,544680,Narmadesh Brass Industries Ltd,INE0S1B01014,BSE SME,NARMADESH.BO
NAVIGANT,BSE,539521,Navigant Corporate Advisors Ltd,INE364T01012,BSE SME,NAVIGANT.BO
NCML,BSE,544510,Nilachal Carbo Metalicks Ltd,INE346R01013,BSE SME,NCML.BO
NEETUYOSHI,BSE,544434,Neetu Yoshi Ltd,INE0UZO01024,BSE SME,NEETUYOSHI.BO
NEPLOG,BSE,544663,Neptune Logitek Ltd,INE1NQ501012,BSE SME,NEPLOG.BO
NEXXUS,BSE,544265,Nexxus Petro Industries Ltd,INE0QUL01011,BSE SME,NEXXUS.BO
NHL,BSE,544245,Naturewings Holidays Ltd,INE0N4701016,BSE SME,NHL.BO
NIRMITEE,BSE,543194,Nirmitee Robotics India Ltd,INE0CPQ01010,BSE SME,NIRMITEE.BO
NISMGMT,BSE,544495,NIS Management Ltd,INE0M3X01010,BSE SME,NISMGMT.BO
NISUS,BSE,544296,Nisus Finance Services Co Ltd,INE0DQN01013,BSE SME,NISUS.BO
NOVATEOR,BSE,542771,Novateor Research Laboratories Ltd,INE08JY01013,BSE SME,NOVATEOR.BO
NOVUS,BSE,544735,Novus Loyalty Ltd,INE1TFS01019,BSE SME,NOVUS.BO
NPFL,BSE,544269,Neopolitan Pizza And Foods Ltd,INE471R01019,BSE SME,NPFL.BO
NSBBPO,BSE,544571,NSB BPO Solutions Ltd,INE0SLP01017,BSE SME,NSBBPO.BO
NUKLEUS,BSE,544370,Nukleus Office Solutions Ltd,INE0VYX01018,BSE SME,NUKLEUS.BO
NVENTURES,BSE,543522,Nanavati Ventures Ltd,INE0E5R01017,BSE SME,NVENTURES.BO
OCTAWARE,BSE,540416,Octaware Technologies Ltd,INE208U01019,BSE SME,OCTAWARE.BO
OLATECH,BSE,543578,Olatech Solutions Ltd,INE0M3901015,BSE SME,OLATECH.BO
OML,BSE,544559,Om Metallogic Ltd,INE0R8Q01018,BSE SME,OML.BO
OMNIPOTENT,BSE,543400,Omnipotent Industries Ltd,INE0JFE01012,BSE SME,OMNIPOTENT.BO
ONEINDIG,BSE,544852,Oneindig Technologies Ltd,INE0UR501013,BSE SME,ONEINDIG.BO
OPCHAINS,BSE,539116,O. P. Chains Ltd,INE118Q01018,BSE SME,OPCHAINS.BO
ORGANICREC,BSE,543997,Organic Recycling Systems Ltd,INE0MIO01019,BSE SME,ORGANICREC.BO
OVAL,BSE,544498,Oval Projects Engineering Ltd,INE0RTI01017,BSE SME,OVAL.BO
PACE,BSE,543637,Pace E-Commerce Ventures Ltd,INE0N1L01018,BSE SME,PACE.BO
PAJSON,BSE,544657,Pajson Agro India Ltd,INE14LM01012,BSE SME,PAJSON.BO
PANHR,BSE,544698,PAN HR Solution Ltd,INE1N9E01015,BSE SME,PANHR.BO
PARMESHWAR,BSE,544330,Parmeshwar Metal Ltd,INE0QQJ01021,BSE SME,PARMESHWAR.BO
PATELCHEM,BSE,544460,Patel Chem Specialities Ltd,INE161701011,BSE SME,PATELCHEM.BO
PATRON,BSE,543798,Patron Exim Ltd,INE0NPA01011,BSE SME,PATRON.BO
PBFL,BSE,539352,P. B. Films Ltd,INE212Q01019,BSE SME,PBFL.BO
PCL,BSE,543814,Prospect Consumer Products Ltd,INE0OKG01017,BSE SME,PCL.BO
PECOS,BSE,539273,Pecos Hotels and Pubs Ltd,INE484S01010,BSE SME,PECOS.BO
PESB,BSE,544141,Pune E - Stock Broking Ltd,INE510U01018,BSE SME,PESB.BO
PFL,BSE,544259,Popular Foundations Ltd,INE0PZB01013,BSE SME,PFL.BO
PGCRL,BSE,543540,Pearl Green Clubs and Resorts Ltd,INE0GTX01019,BSE SME,PGCRL.BO
PIOTEX,BSE,544178,Piotex Industries Ltd,INE0R4W01015,BSE SME,PIOTEX.BO
PJL,BSE,539401,Patdiam Jewellery Ltd,INE473T01011,BSE SME,PJL.BO
POBS,BSE,543352,PlatinumOne Business Services Ltd,INE0DTJ01015,BSE SME,POBS.BO
POLYMAC,BSE,537573,Polymac Thermoformers Ltd,INE826P01018,BSE SME,POLYMAC.BO
PPARIVAH,BSE,544383,Paradeep Parivahan Ltd,INE0SMW01011,BSE SME,PPARIVAH.BO
PPEL,BSE,544844,Poojaa Precision Engg. Ltd,INE288301026,BSE SME,PPEL.BO
PRARUH,BSE,544538,Praruh Technologies Ltd,INE0TI501017,BSE SME,PRARUH.BO
PREVEST,BSE,543363,Prevest Denpro Ltd,INE0GAO01018,BSE SME,PREVEST.BO
PRODOCS,BSE,544643,Prodocs Solutions Ltd,INE10XK01019,BSE SME,PRODOCS.BO
PROMAX,BSE,543375,Promax Power Ltd,INE0I2F01015,BSE SME,PROMAX.BO
PSPL,BSE,544378,PDP Shipping & Projects Ltd,INE0ABU01016,BSE SME,PSPL.BO
PURPLEWAVE,BSE,544627,Purple Wave Infocom Ltd,INE0VDK01019,BSE SME,PURPLEWAVE.BO
PYXISFIN,BSE,534109,Pyxis Finvest Ltd,INE883L01018,BSE SME,PYXISFIN.BO
QLL,BSE,544091,Qualitek Labs Ltd,INE0Q1R01012,BSE SME,QLL.BO
QRIL,BSE,543460,Quality RO Industries Ltd,INE0KAF01018,BSE SME,QRIL.BO
QUESTFLOW,BSE,543982,Quest Flow Controls Ltd,INE0OYE01013,BSE SME,QUESTFLOW.BO
RACHIT,BSE,544503,Rachit Prints Ltd,INE0ZN101029,BSE SME,RACHIT.BO
RACONTEUR,BSE,541703,Raconteur Global Resources Ltd,INE00WY01013,BSE SME,RACONTEUR.BO
RAFL,BSE,538921,Raghuvansh Agrofarms Ltd,INE865P01016,BSE SME,RAFL.BO
RAJESH,BSE,544291,Rajesh Power Services Ltd,INE0VN801010,BSE SME,RAJESH.BO
RAL,BSE,544236,Resourceful Automobile Ltd,INE0SK201011,BSE SME,RAL.BO
RANJEET,BSE,541945,Ranjeet Mechatronics Ltd,INE01A501027,BSE SME,RANJEET.BO
RAPID,BSE,544237,Rapid Multimodal logistics Ltd,INE0QA901010,BSE SME,RAPID.BO
RAVEL,BSE,544629,Ravelcare Ltd,INE0W4D01018,BSE SME,RAVEL.BO
RCAN,BSE,543285,Rajeshwari Cans Ltd,INE0CQ101015,BSE SME,RCAN.BO
RDEL,BSE,544640,Riddhi Display Equipments Ltd,INE1DKT01011,BSE SME,RDEL.BO
RDGAIL,BSE,544552,Rukmani Devi Garg Agro Impex Ltd,INE0S5T01017,BSE SME,RDGAIL.BO
RECODE,BSE,544755,Recode Studios Ltd,INE2B6701015,BSE SME,RECODE.BO
REETECH,BSE,543617,Reetech International Ltd,INE0MKO01015,BSE SME,REETECH.BO
REPONO,BSE,544463,Repono Ltd,INE15WN01014,BSE SME,REPONO.BO
RESGEN,BSE,543805,Resgen Ltd,INE0NYN01016,BSE SME,RESGEN.BO
RETAGGIO,BSE,544391,Retaggio Industries Ltd,INE0KWJ01014,BSE SME,RETAGGIO.BO
RETINA,BSE,543902,Retina Paints Ltd,INE0NTC01019,BSE SME,RETINA.BO
REXSEAL,BSE,543744,Rex Sealing and Packing Industries Ltd,INE0MFT01014,BSE SME,REXSEAL.BO
RFIL,BSE,544771,Rajnandini Fashion India Ltd,INE1GM501015,BSE SME,RFIL.BO
RIKHAV,BSE,544340,Rikhav Securities Ltd,INE0CFH01028,BSE SME,RIKHAV.BO
RITHWIKFMS,BSE,540843,Rithwik Facility Management Services Ltd,INE819Y01015,BSE SME,RITHWIKFMS.BO
RIYAASAT,BSE,544804,Riyaasat Lifestyle Ltd,INE0KYI01012,BSE SME,RIYAASAT.BO
ROBU,BSE,543787,Macfos Ltd,INE0OLH01013,BSE SME,ROBU.BO
RONI,BSE,542145,Roni Households Ltd,INE02AP01013,BSE SME,RONI.BO
ROOPSHRI,BSE,542599,Roopshri Resorts Ltd,INE03WT01017,BSE SME,ROOPSHRI.BO
ROYAL,BSE,544143,Royal Sense Ltd,INE0QQG01019,BSE SME,ROYAL.BO
RSTL,BSE,540082,Riddhi Steel and Tube Ltd,INE367U01013,BSE SME,RSTL.BO
RUDRAGAS,BSE,544121,Rudra Gas Enterprise Ltd,INE0OYK01010,BSE SME,RUDRAGAS.BO
SAFE,BSE,544257,Sodhani Academy of Fintech Enablers Ltd,INE0Q3401017,BSE SME,SAFE.BO
SAFECURE,BSE,544596,Safecure Services Ltd,INE0SVZ01015,BSE SME,SAFECURE.BO
SAILANI,BSE,543541,Sailani Tours N Travels Ltd,INE0KHQ01010,BSE SME,SAILANI.BO
SAMPAT,BSE,544520,Sampat Aluminium Ltd,INE10XS01012,BSE SME,SAMPAT.BO
SANCODE,BSE,543897,Sancode Technologies Ltd,INE0P7001013,BSE SME,SANCODE.BO
SATTRIX,BSE,544189,Sattrix Information Security Ltd,INE0QUV01010,BSE SME,SATTRIX.BO
SBLI,BSE,543366,SBL Infratech Ltd,INE0DLM01024,BSE SME,SBLI.BO
SBRANDS,BSE,540782,Sanghvi Brands Ltd,INE204Y01010,BSE SME,SBRANDS.BO
SBVCL,BSE,544074,Shri Balaji Valve Components Ltd,INE0RNZ01014,BSE SME,SBVCL.BO
SCARNOSE,BSE,543537,Scarnose International Ltd,INE0IXR01019,BSE SME,SCARNOSE.BO
SCDL,BSE,544746,Safety Controls & Devices Ltd,INE0UMH01018,BSE SME,SCDL.BO
SDC,BSE,535647,SDC Techmedia Ltd,INE807O01011,BSE SME,SDC.BO
SEALMATIC,BSE,543782,Sealmatic India Ltd,INE0O4601016,BSE SME,SEALMATIC.BO
SEEMAX,BSE,544813,Seemax Resources Ltd,INE1EVO01017,BSE SME,SEEMAX.BO
SEML,BSE,543515,Sunrise Efficient Marketing Ltd,INE0KPY01017,BSE SME,SEML.BO
SEVL,BSE,544428,Supertech Ev Ltd,INE0SC101013,BSE SME,SEVL.BO
SFSL,BSE,543519,Shashwat Furnishing Solutions Ltd,INE0JMN01019,BSE SME,SFSL.BO
SGFRL,BSE,543391,Suyog Gurbaxani Funicular Ropeways Ltd,INE07GA01011,BSE SME,SGFRL.BO
SHANMUGA,BSE,544365,Shanmuga Hospital Ltd,INE0TD301017,BSE SME,SHANMUGA.BO
SHANTIDENM,BSE,544059,Shanti Spintex Ltd,INE0QZQ01019,BSE SME,SHANTIDENM.BO
SHANTIGURU,BSE,534708,Shanti Guru Industries Ltd,INE892L01019,BSE SME,SHANTIGURU.BO
SHARVAYA,BSE,544506,Sharvaya Metals Ltd,INE0UJF01018,BSE SME,SHARVAYA.BO
SHAYONAENG,BSE,544686,Shayona Engineering Ltd,INE0UCL01011,BSE SME,SHAYONAENG.BO
SHELTER,BSE,543963,Shelter Pharma Ltd,INE013V01011,BSE SME,SHELTER.BO
SHINEFASH,BSE,543244,Shine Fashions (India) Ltd,INE0BLY01023,BSE SME,SHINEFASH.BO
SHIPWAVES,BSE,544646,Shipwaves Online Ltd,INE0O9L01010,BSE SME,SHIPWAVES.BO
SHIVAEXPO,BSE,540072,Shiva Granito Export Ltd,INE191V01015,BSE SME,SHIVAEXPO.BO
SHIVAM,BSE,544165,Shivam Chemicals Ltd,INE0SGR01013,BSE SME,SHIVAM.BO
SHIVTEXCHEM,BSE,544272,Shiv Texchem Ltd,INE0YRO01015,BSE SME,SHIVTEXCHEM.BO
SHLOKKA,BSE,544582,Shlokka Dyes Ltd,INE1EUB01016,BSE SME,SHLOKKA.BO
SHOORA,BSE,543970,Shoora Designs Ltd,INE0OJZ01019,BSE SME,SHOORA.BO
SHREE,BSE,544083,Shree Marutinandan Tubes Ltd,INE0QIS01011,BSE SME,SHREE.BO
SHREENATH,BSE,544372,Shreenath Paper Products Ltd,INE0RXS01018,BSE SME,SHREENATH.BO
SHREEREF,BSE,544458,Shree Refrigerations Ltd,INE0FMZ01045,BSE SME,SHREEREF.BO
SHREESHAY,BSE,541112,Shreeshay Engineers Ltd,INE452Z01012,BSE SME,SHREESHAY.BO
SHTL,BSE,544607,Shining Tools Ltd,INE0D8001018,BSE SME,SHTL.BO
SIHORA,BSE,544585,Sihora Industries Ltd,INE0SFA01011,BSE SME,SIHORA.BO
SILL,BSE,544810,Sampark India Logistics Ltd,INE147701010,BSE SME,SILL.BO
SILVERPRL,BSE,543536,Silver Pearl Hospitality & Luxury Spaces Ltd,INE0KXN01014,BSE SME,SILVERPRL.BO
SIROHIA,BSE,538667,Sirohia & Sons Ltd,INE785O01019,BSE SME,SIROHIA.BO
SISL,BSE,543598,Shantidoot Infra Services Ltd,INE0LU301014,BSE SME,SISL.BO
SIYARAM,BSE,544047,Siyaram Recycling Industries Ltd,INE0QSK01017,BSE SME,SIYARAM.BO
SKIEL,BSE,542728,SK International Export Ltd,INE04ST01013,BSE SME,SKIEL.BO
SKIFL,BSE,542146,Shree Krishna Infrastructure Ltd,INE951Z01013,BSE SME,SKIFL.BO
SKL,BSE,540269,Super Fine Knitters Ltd,INE459U01018,BSE SME,SKL.BO
SKM,BSE,544584,SK Minerals & Additives Ltd,INE13YH01017,BSE SME,SKM.BO
SMARITIME,BSE,544056,Sahara Maritime Ltd,INE0PSJ01011,BSE SME,SMARITIME.BO
SMAUTO,BSE,543065,SM Auto Stamping Ltd,INE0C4I01011,BSE SME,SMAUTO.BO
SMEL,BSE,541799,Sungold Media and Entertainment Ltd,INE266S01011,BSE SME,SMEL.BO
SMR,BSE,544774,SMR Jewels Ltd,INE11XK01017,BSE SME,SMR.BO
SODHACAP,BSE,544560,Sodhani Capital Ltd,INE0QU501030,BSE SME,SODHACAP.BO
SOLARIUM,BSE,544354,Solarium Green Energy Ltd,INE0W0H01017,BSE SME,SOLARIUM.BO
SOLVEX,BSE,544539,Solvex Edibles Ltd,INE1IIQ01028,BSE SME,SOLVEX.BO
SONALIS,BSE,543924,Sonalis Consumer Products Ltd,INE0N5O01013,BSE SME,SONALIS.BO
SOTEFIN,BSE,544832,Sotefin Bharat Ltd,INE12Z301012,BSE SME,SOTEFIN.BO
SPINAROO,BSE,544392,Spinaroo Commercial Ltd,INE10XX01012,BSE SME,SPINAROO.BO
SPITZE,BSE,543464,Maruti Interior Products Ltd,INE0JSJ01014,BSE SME,SPITZE.BO
SPL,BSE,544035,Swashthik Plascon Ltd,INE0RDR01012,BSE SME,SPL.BO
SPML,BSE,544738,Speciality Medicines Ltd,INE0R0M01014,BSE SME,SPML.BO
SRGFFL,BSE,536710,SRG Fingrow Finance Ltd,INE326P01019,BSE SME,SRGFFL.BO
SRIGEE,BSE,544399,Srigee Dlm Ltd,INE0RJ901010,BSE SME,SRIGEE.BO
SRSOLTD,BSE,543615,Silicon Rental Solutions Ltd,INE0MNV01014,BSE SME,SRSOLTD.BO
SSL,BSE,544251,Share Samadhan Ltd,INE0LY301010,BSE SME,SSL.BO
SSMD,BSE,544621,SSMD Agrotech India Ltd,INE1U2R01013,BSE SME,SSMD.BO
SSPNFIN,BSE,539026,SSPN Finance Ltd,INE820R01017,BSE SME,SSPNFIN.BO
SSPRL,BSE,544840,Silverstorm Parks And Resorts Ltd,INE1EJ401023,BSE SME,SSPRL.BO
SSTL,BSE,543461,Safa Systems & Technologies Ltd,INE0JNA01014,BSE SME,SSTL.BO
STAL,BSE,544171,Storage Technologies and Automation Ltd,INE0RGM01016,BSE SME,STAL.BO
STANBIK,BSE,544659,Stanbik Agro Ltd,INE16QA01011,BSE SME,STANBIK.BO
STARIMAGIN,BSE,544482,Star Imaging And Path Lab Ltd,INE0YG001013,BSE SME,STARIMAGIN.BO
STELLAR,BSE,536738,Stellar Capital Services Ltd,INE325P01011,BSE SME,STELLAR.BO
STML,BSE,543622,Steelman Telecom Ltd,INE0MSK01016,BSE SME,STML.BO
SUBAM,BSE,544267,Subam Papers Ltd,INE0U6201010,BSE SME,SUBAM.BO
SUDARSHAN,BSE,543828,Sudarshan Pharma Industries Ltd,INE00TV01023,BSE SME,SUDARSHAN.BO
SUGSLLOYD,BSE,544501,Sugs Lloyd Ltd,INE0XX801016,BSE SME,SUGSLLOYD.BO
SUNITATOOL,BSE,544001,Sunita Tools Ltd,INE0Q1S01010,BSE SME,SUNITATOOL.BO
SUNRETAIL,BSE,542025,Sun Retail Ltd,INE206Z01020,BSE SME,SUNRETAIL.BO
SUNSKY,BSE,544566,Sunsky Logistics Ltd,INE10CM01027,BSE SME,SUNSKY.BO
SUPERIRON,BSE,544381,Super Iron Foundry Ltd,INE16IQ01014,BSE SME,SUPERIRON.BO
SUPERSHAKT,BSE,541701,Supershakti Metaliks Ltd,INE00SY01011,BSE SME,SUPERSHAKT.BO
SUSAN,BSE,544793,Susan Electricals India Ltd,INE2L0V01019,BSE SME,SUSAN.BO
SVJ,BSE,543799,S. V. J. ENTERPRISES Ltd,INE0JZS01010,BSE SME,SVJ.BO
SVS,BSE,543745,SVS Ventures Ltd,INE0MID01012,BSE SME,SVS.BO
SWANAGRO,BSE,544082,New Swan Multitech Ltd,INE0GEN01012,BSE SME,SWANAGRO.BO
SWASTH,BSE,544368,Swasth Foodtech India Ltd,INE0TIR01017,BSE SME,SWASTH.BO
SWASTIKAAL,BSE,544452,Swastika Castal Ltd,INE0PTF01017,BSE SME,SWASTIKAAL.BO
SYSTEMATIC,BSE,544541,Systematic Industries Ltd,INE1KLZ01011,BSE SME,SYSTEMATIC.BO
TAKYON,BSE,544471,Takyon Networks Ltd,INE14OX01013,BSE SME,TAKYON.BO
TANVI,BSE,540332,Tanvi Foods (India) Ltd,INE978V01015,BSE SME,TANVI.BO
TARINI,BSE,538496,Tarini International Ltd,INE849M01017,BSE SME,TARINI.BO
TECHKGREEN,BSE,543991,Techknowgreen Solutions Ltd,INE0P4P01011,BSE SME,TECHKGREEN.BO
TECHNICHEM,BSE,544327,Technichem Organics Ltd,INE0ZHT01012,BSE SME,TECHNICHEM.BO
TECHNOPACK,BSE,543656,Technopack Polymers Ltd,INE0MXP01015,BSE SME,TECHNOPACK.BO
TELGE,BSE,544544,Telge Projects Ltd,INE0SRP01014,BSE SME,TELGE.BO
TGIF,BSE,544175,TGIF Agribusiness Ltd,INE0SMU01015,BSE SME,TGIF.BO
THREEMPAPE,BSE,544214,Three M Paper Boards Ltd,INE0UK501010,BSE SME,THREEMPAPE.BO
TIMESGREEN,BSE,543310,Times Green Energy (India) Ltd,INE0B6101012,BSE SME,TIMESGREEN.BO
TIPCO,BSE,544740,Tipco Engineering India Ltd,INE1U6D01014,BSE SME,TIPCO.BO
TITAANIUM,BSE,539985,Titaanium Ten Enterprise Ltd,INE120V01014,BSE SME,TITAANIUM.BO
TLL,BSE,543616,Trident Lifeline Ltd,INE0MKA01014,BSE SME,TLL.BO
TRADEUNO,BSE,544594,Game Changers Texfab Ltd,INE1GUJ01014,BSE SME,TRADEUNO.BO
TRANSPACT,BSE,542765,Transpact Enterprises Ltd,INE06YD01010,BSE SME,TRANSPACT.BO
TRANSVOY,BSE,543754,Transvoy Logistics India Ltd,INE0MPU01011,BSE SME,TRANSVOY.BO
TRAVELS,BSE,544242,Travels & Rentals Ltd,INE0SG001011,BSE SME,TRAVELS.BO
TRUECOLORS,BSE,544531,True Colors Ltd,INE1LDV01015,BSE SME,TRUECOLORS.BO
TTC,BSE,544303,Toss The Coin Ltd,INE0XAY01012,BSE SME,TTC.BO
UHMVL,BSE,544779,UHM Vacation Ltd,INE0YZ901011,BSE SME,UHMVL.BO
UML,BSE,544464,Umiya Mobile Ltd,INE1P1A01018,BSE SME,UML.BO
UNIFIED,BSE,544406,Unified Data Tech Solutions Ltd,INE1ABX01018,BSE SME,UNIFIED.BO
UNISEM,BSE,544648,Unisem Agritech Ltd,INE1FHV01026,BSE SME,UNISEM.BO
UNISHIRE,BSE,537582,Unishire Urban Infra Ltd,INE210P01015,BSE SME,UNISHIRE.BO
VAHH,BSE,544778,Vahh Chemicals Ltd,INE0H3U01013,BSE SME,VAHH.BO
VALENCIA,BSE,542910,Valencia Nutrition Ltd,INE08RT01016,BSE SME,VALENCIA.BO
VALINDIA,BSE,544433,Valencia India Ltd,INE130701019,BSE SME,VALINDIA.BO
VALPLAST,BSE,544565,Valplast Technologies Ltd,INE0QP701017,BSE SME,VALPLAST.BO
VANDAN,BSE,544436,Vandan Foods Ltd,INE0RDJ01019,BSE SME,VANDAN.BO
VANDU,BSE,544329,Leo Dryfruits & Spices Trading Ltd,INE0RH001011,BSE SME,VANDU.BO
VANTABIO,BSE,540729,Vanta Bioscience Ltd,INE695X01011,BSE SME,VANTABIO.BO
VARYAA,BSE,544168,Varyaa Creations Ltd,INE0R6801013,BSE SME,VARYAA.BO
VASHISHTHA,BSE,544508,Vashishtha Luxury Fashion Ltd,INE0WRP01016,BSE SME,VASHISHTHA.BO
VEDANTASSET,BSE,543623,Vedant Asset Ltd,INE0NC801013,BSE SME,VEDANTASSET.BO
VEEFIN,BSE,543931,Veefin Solutions Ltd,INE0Q0M01015,BSE SME,VEEFIN.BO
VEERKRUPA,BSE,543545,Veerkrupa Jewellers Ltd,INE0ID001024,BSE SME,VEERKRUPA.BO
VIVAA,BSE,544002,Vivaa Tradecom Ltd,INE0PA601017,BSE SME,VIVAA.BO
VPAL,BSE,544765,Vegorama Punjabi Angithi Ltd,INE1L3801017,BSE SME,VPAL.BO
VPL,BSE,544011,Vrundavan Plantation Ltd,INE0Q6901013,BSE SME,VPL.BO
VRUDDHI,BSE,544157,Vruddhi Engineering Works Ltd,INE0OMZ01013,BSE SME,VRUDDHI.BO
VVIPIL,BSE,544219,VVIP Infratech Ltd,INE0MNP01016,BSE SME,VVIPIL.BO
WAA,BSE,541445,Waa Solar Ltd,INE799N01012,BSE SME,WAA.BO
WAAREE,BSE,539337,Waaree Technologies Ltd,INE725P01012,BSE SME,WAAREE.BO
WEBSL,BSE,780016,Web Element Solutions Ltd,INE562Q01017,BSE SME,WEBSL.BO
WORKMATES,BSE,544610,Workmates Core2Cloud Solution Ltd,INE1I1301016,BSE SME,WORKMATES.BO
WOSAL,BSE,544636,Western Overseas Study Abroad Ltd,INE1MF401019,BSE SME,WOSAL.BO
YAASHVI,BSE,544770,Yaashvi Jewellers Ltd,INE1T6L01010,BSE SME,YAASHVI.BO
YAJUR,BSE,544676,Yajur Fibres Ltd,INE0CNJ01010,BSE SME,YAJUR.BO
YASHHTEJ,BSE,544708,Yashhtej Industries (India) Ltd,INE1O6P01016,BSE SME,YASHHTEJ.BO
YASHHV,BSE,544310,Yash Highvoltage Ltd,INE00GK01023,BSE SME,YASHHV.BO
YUG,BSE,540550,Yug Decor Ltd,INE796W01019,BSE SME,YUG.BO
ZAPPFRESH,BSE,544568,DSM Fresh Foods Ltd,INE0SUM01015,BSE SME,ZAPPFRESH.BO
ZELIO,BSE,544563,Zelio E Mobility Ltd,INE1B3501014,BSE SME,ZELIO.BO
ZINEMA,BSE,538579,Zinema Media And Entertainment Ltd,INE641Q01019,BSE SME,ZINEMA.BO
AAKAAR,NSE,,Aakaar Medical Technologies Limited,INE1GYP01013,NSE Emerge,AAKAAR.NS
AARADHYA,NSE,,Aaradhya Disposal Industries Limited,INE124401014,NSE Emerge,AARADHYA.NS
AATMAJ,NSE,,Aatmaj Healthcare Limited,INE0OB201016,NSE Emerge,AATMAJ.NS
ABHAPOWER,NSE,,Abha Power and Steel Limited,INE0UYG01015,NSE Emerge,ABHAPOWER.NS
ABSMARINE,NSE,,ABS Marine Services Limited,INE0QRV01016,NSE Emerge,ABSMARINE.NS
ACCENTMIC,NSE,,Accent Microcell Limited,INE0Q5D01013,NSE Emerge,ACCENTMIC.NS
ACCORD,NSE,,Accord Synergy Limited,INE113X01015,NSE Emerge,ACCORD.NS
ACCPL,NSE,,Accretion Pharmaceuticals Limited,INE0T8T01010,NSE Emerge,ACCPL.NS
ACETEC,NSE,,Acetech E-Commerce Limited,INE1J6M01010,NSE Emerge,ACETEC.NS
ACTIVEINFR,NSE,,Active Infrastructures Limited,INE0KLO01025,NSE Emerge,ACTIVEINFR.NS
ADDICTIVE,NSE,,Addictive Learning Technology Limited,INE0RDH01021,NSE Emerge,ADDICTIVE.NS
ADISOFT,NSE,,Adisoft Technologies Limited,INE20PL01012,NSE Emerge,ADISOFT.NS
AERON,NSE,,Aeron Composite Limited,INE0WL801011,NSE Emerge,AERON.NS
AESTHETIK,NSE,,Aesthetik Engineers Limited,INE0TSF01011,NSE Emerge,AESTHETIK.NS
AGARWALFT,NSE,,Agarwal Float Glass India Limited,INE0MLA01012,NSE Emerge,AGARWALFT.NS
AGARWALTUF,NSE,,Agarwal Toughened Glass India Limited,INE0P8X01016,NSE Emerge,AGARWALTUF.NS
AGNI,NSE,,Agni Green Power Limited,INE0LF301013,NSE Emerge,AGNI.NS
AGUL,NSE,,A G Universal Limited,INE0O6N01012,NSE Emerge,AGUL.NS
AHIMSA,NSE,,Ahimsa Industries Limited,INE136T01014,NSE Emerge,AHIMSA.NS
AILIMITED,NSE,,Abhishek Integrations Limited,INE0CAJ01017,NSE Emerge,AILIMITED.NS
AIMTRON,NSE,,Aimtron Electronics Limited,INE0RUV01018,NSE Emerge,AIMTRON.NS
AISL,NSE,,ANI Integrated Services Limited,INE635Y01015,NSE Emerge,AISL.NS
AKANKSHA,NSE,,Akanksha Power and Infrastructure Limited,INE0PCY01014,NSE Emerge,AKANKSHA.NS
AKIKO,NSE,,Akiko Global Services Limited,INE0PMR01017,NSE Emerge,AKIKO.NS
ALCODIS,NSE,,Alcokraft Distilleries Limited,INE448V01019,NSE Emerge,ALCODIS.NS
ALLETEC,NSE,,All E Technologies Limited,INE0M2X01012,NSE Emerge,ALLETEC.NS
ALPEXSOLAR,NSE,,Alpex Solar Limited,INE0R4701017,NSE Emerge,ALPEXSOLAR.NS
ALUWIND,NSE,,ALUWIND INFRA-TECH LIMITED,INE0STM01017,NSE Emerge,ALUWIND.NS
AMBAAUTO,NSE,,Amba Auto Sales and Services Limited,INE293601014,NSE Emerge,AMBAAUTO.NS
AMBANIORGO,NSE,,AMBANI ORGOCHEM LIMITED,INE00C501018,NSE Emerge,AMBANIORGO.NS
AMCL,NSE,,ANB Metal Cast Limited,INE0VG001016,NSE Emerge,AMCL.NS
AMEYA,NSE,,Ameya Precision Engineers Limited,INE0KT901015,NSE Emerge,AMEYA.NS
AMIABLE,NSE,,Amiable Logistics (India) Limited,INE0MTP01013,NSE Emerge,AMIABLE.NS
ANAWIL,NSE,,Anawil Wire and Engineering Limited,INE1J5V01013,NSE Emerge,ANAWIL.NS
ANLON,NSE,,Anlon Technology Solutions Limited,INE0LR101013,NSE Emerge,ANLON.NS
ANNAPURNA,NSE,,Annapurna Swadisht Limited,INE0MGM01017,NSE Emerge,ANNAPURNA.NS
ANONDITA,NSE,,Anondita Medicare Limited,INE0VTV01012,NSE Emerge,ANONDITA.NS
ANYA,NSE,,Anya Polytech & Fertilizers Limited,INE0SI601032,NSE Emerge,ANYA.NS
APEXECO,NSE,,Apex Ecotech Limited,INE0T4V01015,NSE Emerge,APEXECO.NS
APRAMEYA,NSE,,Aprameya Engineering Limited,INE0LQG01010,NSE Emerge,APRAMEYA.NS
APS,NSE,,Australian Premium Solar (India) Limited,INE0P0001010,NSE Emerge,APS.NS
APSISAERO,NSE,,Apsis Aerocom Limited,INE1OOJ01011,NSE Emerge,APSISAERO.NS
ARABIAN,NSE,,Arabian Petroleum Limited,INE08NJ01024,NSE Emerge,ARABIAN.NS
ARCIIL,NSE,,ARC Insulation & Insulators Limited,INE0YDV01010,NSE Emerge,ARCIIL.NS
ARHAM,NSE,,Arham Technologies Limited,INE0L2Y01011,NSE Emerge,ARHAM.NS
ARIHANTACA,NSE,,Arihant Academy Limited,INE0NCC01015,NSE Emerge,ARIHANTACA.NS
ARISTO,NSE,,Aristo Bio-Tech And Lifescience Limited,INE082101010,NSE Emerge,ARISTO.NS
ARMOUR,NSE,,Armour Security (India) Limited,INE0TZX01019,NSE Emerge,ARMOUR.NS
ARUNAYA,NSE,,Arunaya Organics Limited,INE0TTG01017,NSE Emerge,ARUNAYA.NS
ARVINDPORT,NSE,,ARVIND PORT AND INFRA LIMITED,INE0P4T01013,NSE Emerge,ARVINDPORT.NS
ASCOM,NSE,,Ascom Leasing & Investments Limited,INE08KD01015,NSE Emerge,ASCOM.NS
ASHALOG,NSE,,Ashapura Logistics Limited,INE0LAA01017,NSE Emerge,ASHALOG.NS
ASHWINI,NSE,,Ashwini Container Movers Limited,INE1A6Q01010,NSE Emerge,ASHWINI.NS
ASPIRE,NSE,,Aspire & Innovative Advertising Limited,INE0S7801010,NSE Emerge,ASPIRE.NS
ATCENERGY,NSE,,ATC Energies System Limited,INE0V0Q01019,NSE Emerge,ATCENERGY.NS
ATMASTCO,NSE,,Atmastco Limited,INE05DH01017,NSE Emerge,ATMASTCO.NS
AUROIMPEX,NSE,,Auro Impex  & Chemicals Limited,INE0NUL01018,NSE Emerge,AUROIMPEX.NS
AUSL,NSE,,Aditya Ultra Steel Limited,INE01YQ01013,NSE Emerge,AUSL.NS
AVANA,NSE,,Avana Electrosystems Limited,INE1KU201016,NSE Emerge,AVANA.NS
AVATAR,NSE,,AVATAR Industries Limited,INE617I01024,NSE Emerge,AVATAR.NS
AVIANSH,NSE,,Avi Ansh Textile Limited,INE0TFB01017,NSE Emerge,AVIANSH.NS
AVIENCE,NSE,,Avience Biomedicals Limited,INE0V9I01017,NSE Emerge,AVIENCE.NS
AVPINFRA,NSE,,AVP Infracon Limited,INE0R9401019,NSE Emerge,AVPINFRA.NS
AVSL,NSE,,AVSL Industries Limited,INE522V01011,NSE Emerge,AVSL.NS
BABAFP,NSE,,Baba Food Processing (India) Limited,INE0QW501012,NSE Emerge,BABAFP.NS
BAGDIGITAL,NSE,,B.A.G. Convergence Limited,INE17CQ01015,NSE Emerge,BAGDIGITAL.NS
BAHETI,NSE,,Baheti Recycling Industries Limited,INE029Q01017,NSE Emerge,BAHETI.NS
BALAJIPHOS,NSE,,Balaji Phosphates Limited,INE0PQ601019,NSE Emerge,BALAJIPHOS.NS
BALCO,NSE,,Solve Plastic Products Limited,INE0U0201016,NSE Emerge,BALCO.NS
BARFLEX,NSE,,Barflex Polyfilms Limited,INE0QX401014,NSE Emerge,BARFLEX.NS
BASILIC,NSE,,Basilic Fly Studio Limited,INE0OCC01013,NSE Emerge,BASILIC.NS
BAWEJA,NSE,,Baweja Studios Limited,INE0JFJ01011,NSE Emerge,BAWEJA.NS
BEACON,NSE,,Beacon Trusteeship Limited,INE639X01027,NSE Emerge,BEACON.NS
BEWLTD,NSE,,BEW Engineering Limited,INE0HQI01014,NSE Emerge,BEWLTD.NS
BHADORA,NSE,,Bhadora Industries Limited,INE0ZRC01017,NSE Emerge,BHADORA.NS
BIKEWO,NSE,,Bikewo Green Tech Limited,INE0SQH01013,NSE Emerge,BIKEWO.NS
BIOPOL,NSE,,Biopol Chemicals Limited,INE0XW001014,NSE Emerge,BIOPOL.NS
BIRDYS,NSE,,Grill Splendour Services Limited,INE0PC901019,NSE Emerge,BIRDYS.NS
BLUEPEBBLE,NSE,,Blue Pebble Limited,INE0SAK01011,NSE Emerge,BLUEPEBBLE.NS
BLUEWATER,NSE,,Blue Water Logistics Limited,INE0X3M01010,NSE Emerge,BLUEWATER.NS
BMETRICS,NSE,,Bombay Metrics Supply Chain Limited,INE0I3Y01014,NSE Emerge,BMETRICS.NS
BMLL,NSE,,Bio Medica Laboratories Limited,INE1BKA01015,NSE Emerge,BMLL.NS
BOSS,NSE,,Boss Packaging Solutions Limited,INE0QNI01012,NSE Emerge,BOSS.NS
BRACEPORT,NSE,,Brace Port Logistics Limited,INE0R4Z01018,NSE Emerge,BRACEPORT.NS
BRANDMAN,NSE,,Brandman Retail Limited,INE0XUD01014,NSE Emerge,BRANDMAN.NS
BULKCORP,NSE,,Bulkcorp International Limited,INE0SZ301012,NSE Emerge,BULKCORP.NS
C2C,NSE,,C2C Advanced Systems Limited,INE0U7V01015,NSE Emerge,C2C.NS
CADSYS,NSE,,Cadsys (India) Limited,INE090Y01013,NSE Emerge,CADSYS.NS
CANARYS,NSE,,Canarys Automations Limited,INE0QG301017,NSE Emerge,CANARYS.NS
CBAZAAR,NSE,,Net Avenue Technologies Limited,INE518X01015,NSE Emerge,CBAZAAR.NS
CEDAAR,NSE,,Cedaar Textile Limited,INE11J101017,NSE Emerge,CEDAAR.NS
CELLECOR,NSE,,Cellecor Gadgets Limited,INE0OMO01025,NSE Emerge,CELLECOR.NS
CELLPOINT,NSE,,Cell Point (India) Limited,INE0O0001013,NSE Emerge,CELLPOINT.NS
CGRAPHICS,NSE,,Creative Graphics Solutions India Limited,INE0R7401011,NSE Emerge,CGRAPHICS.NS
CHAMUNDA,NSE,,Chamunda Electrical Limited,INE11HG01018,NSE Emerge,CHAMUNDA.NS
CHANDAN,NSE,,Chandan Healthcare Limited,INE0B2N01016,NSE Emerge,CHANDAN.NS
CHAVDA,NSE,,Chavda Infra Limited,INE0PT101017,NSE Emerge,CHAVDA.NS
CHETANA,NSE,,Chetana Education Limited,INE0U1T01012,NSE Emerge,CHETANA.NS
CKKRETAIL,NSE,,C K K Retail Mart Limited,INE0SMX01019,NSE Emerge,CKKRETAIL.NS
CLASSICEIL,NSE,,Classic Electrodes (India) Limited,INE0UQ601012,NSE Emerge,CLASSICEIL.NS
CLAYCRAFT,NSE,,Clay Craft India Limited,INE1QGM01024,NSE Emerge,CLAYCRAFT.NS
CLSL,NSE,,Crop Life Science Limited,INE00NH01017,NSE Emerge,CLSL.NS
CMNL,NSE,,Chaman Metallics Limited,INE06PV01010,NSE Emerge,CMNL.NS
CMRSL,NSE,,Cyber Media Research & Services Limited,INE075Z01011,NSE Emerge,CMRSL.NS
COMMITTED,NSE,,Committed Cargo Care Limited,INE597Z01014,NSE Emerge,COMMITTED.NS
CONNPLEX,NSE,,Connplex Cinemas Limited,INE0EAS01014,NSE Emerge,CONNPLEX.NS
CONTI,NSE,,Continental Seeds and Chemicals Limited,INE340Z01019,NSE Emerge,CONTI.NS
COOLCAPS,NSE,,Cool Caps Industries Limited,INE0HS001028,NSE Emerge,COOLCAPS.NS
CPS,NSE,,C P S Shapers Limited,INE0QBU01012,NSE Emerge,CPS.NS
CRAYONS,NSE,,Crayons Advertising Limited,INE0OFK01019,NSE Emerge,CRAYONS.NS
CSSL,NSE,,Clear Secured Services Limited,INE1EF801010,NSE Emerge,CSSL.NS
CUDML,NSE,,Cash Ur Drive Marketing Limited,INE0WL201014,NSE Emerge,CUDML.NS
CURIS,NSE,,Curis Lifesciences Limited,INE1BZN01016,NSE Emerge,CURIS.NS
CURRENT,NSE,,Current Infraprojects Limited,INE1CRQ01014,NSE Emerge,CURRENT.NS
DANISH,NSE,,Danish Power Limited,INE0YU901016,NSE Emerge,DANISH.NS
DCCL,NSE,,Dar Credit & Capital Limited,INE04Q901010,NSE Emerge,DCCL.NS
DCG,NSE,,DCG Cables & Wires Limited,INE0S8401018,NSE Emerge,DCG.NS
DECCANTRAN,NSE,,Deccan Transcon Leasing Limited,INE0S7C01019,NSE Emerge,DECCANTRAN.NS
DEEM,NSE,,Deem Roll Tech Limited,INE586O01011,NSE Emerge,DEEM.NS
DELAPLEX,NSE,,Delaplex Limited,INE0SK801018,NSE Emerge,DELAPLEX.NS
DELTIC,NSE,,Delta Autocorp Limited,INE0XRN01019,NSE Emerge,DELTIC.NS
DENEERS,NSE,,De Neers Tools Limited,INE0JWV01011,NSE Emerge,DENEERS.NS
DENTALKART,NSE,,Vasa Denticity Limited,INE0N5801013,NSE Emerge,DENTALKART.NS
DESTINY,NSE,,Destiny Logistics & Infra Limited,INE0IGO01011,NSE Emerge,DESTINY.NS
DHANLAXMI,NSE,,Dhanlaxmi Crop Science Limited,INE0V9V01010,NSE Emerge,DHANLAXMI.NS
DHANSA,NSE,,Dhansa Labs Limited,INE0M3I01029,NSE Emerge,DHANSA.NS
DHARARAIL,NSE,,Dhara Rail Projects Limited,INE2HJL01019,NSE Emerge,DHARARAIL.NS
DHARIWAL,NSE,,Dhariwalcorp Limited,INE0YRN01025,NSE Emerge,DHARIWAL.NS
DHTL,NSE,,Docmode Health Technologies Limited,INE0OGG01015,NSE Emerge,DHTL.NS
DIGIKORE,NSE,,Digikore Studios Limited,INE0QJ901011,NSE Emerge,DIGIKORE.NS
DIRL,NSE,,Dhanuka Infra Realty Limited,INE704V01015,NSE Emerge,DIRL.NS
DIVINEHIRA,NSE,,Divine Hira Jewellers Limited,INE0NA501011,NSE Emerge,DIVINEHIRA.NS
DIVYADHAN,NSE,,Divyadhan Recycling Industries Limited,INE0QYI01019,NSE Emerge,DIVYADHAN.NS
DKEGL,NSE,,D.K. Enterprises Global Limited,INE0GN101014,NSE Emerge,DKEGL.NS
DOLLEX,NSE,,Dollex Agrotech Limited,INE0JHH01011,NSE Emerge,DOLLEX.NS
DPEL,NSE,,Divine Power Energy Limited,INE0SCO01019,NSE Emerge,DPEL.NS
DRONE,NSE,,Drone Destination Limited,INE0P7201019,NSE Emerge,DRONE.NS
DRSCARGO,NSE,,DRS Cargo Movers Limited,INE0QZM01018,NSE Emerge,DRSCARGO.NS
DRSDILIP,NSE,,DRS Dilip Roadlines Limited,INE02CV01017,NSE Emerge,DRSDILIP.NS
DTL,NSE,,Diensten Tech Limited,INE0JRD01019,NSE Emerge,DTL.NS
DUCOL,NSE,,Ducol Organics And Colours Limited,INE0LZO01015,NSE Emerge,DUCOL.NS
DUGLOBAL,NSE,,DUDIGITAL GLOBAL LIMITED,INE0HPK01020,NSE Emerge,DUGLOBAL.NS
DURLAX,NSE,,Durlax Top Surface Limited,INE0OUW01013,NSE Emerge,DURLAX.NS
DYNAMIC,NSE,,Dynamic Services & Security Limited,INE0DZ701010,NSE Emerge,DYNAMIC.NS
E2ERAIL,NSE,,E To E Transportation Infrastructure Limited,INE1CEJ01017,NSE Emerge,E2ERAIL.NS
ECOLINE,NSE,,Ecoline Exim Limited,INE0VBS01016,NSE Emerge,ECOLINE.NS
EEPL,NSE,,Eppeltone Engineers Limited,INE11HF01010,NSE Emerge,EEPL.NS
EFACTOR,NSE,,E Factor Experiences Limited,INE0KFF01017,NSE Emerge,EFACTOR.NS
EFFWA,NSE,,Effwa Infra & Research Limited,INE0U9101019,NSE Emerge,EFFWA.NS
EFORCE,NSE,,Electro Force (India) Limited,INE0Q1W01012,NSE Emerge,EFORCE.NS
ELGNZ,NSE,,Eleganz Interiors Limited,INE0R9101015,NSE Emerge,ELGNZ.NS
EMAPARTNER,NSE,,EMA Partners India Limited,INE0ZOL01023,NSE Emerge,EMAPARTNER.NS
EMKAYTOOLS,NSE,,Emkay Taps and Cutting Tools Limited,INE332S01011,NSE Emerge,EMKAYTOOLS.NS
EMMIL,NSE,,Energy Mission Machineries (India) Limited,INE0S1L01013,NSE Emerge,EMMIL.NS
ENCOMPAS,NSE,,Encompass Design India Limited,INE433T01015,NSE Emerge,ENCOMPAS.NS
ENFUSE,NSE,,Enfuse Solutions Limited,INE0S3X01014,NSE Emerge,ENFUSE.NS
ENSER,NSE,,Enser Communications Limited,INE0R9I01021,NSE Emerge,ENSER.NS
ENVIRO,NSE,,Envirotech Systems Limited,INE0SUH01015,NSE Emerge,ENVIRO.NS
EPWINDIA,NSE,,EPW India Limited,INE1KEC01023,NSE Emerge,EPWINDIA.NS
ESCONET,NSE,,Esconet Technologies Limited,INE0RQZ01017,NSE Emerge,ESCONET.NS
ESFL,NSE,,Essen Speciality Films Limited,INE0ITO01014,NSE Emerge,ESFL.NS
ESPRIT,NSE,,Esprit Stones Limited,INE0SBP01018,NSE Emerge,ESPRIT.NS
ETL,NSE,,Emkay Tools Limited,INE0PXC01024,NSE Emerge,ETL.NS
ETML,NSE,,Emerald Tyre Manufacturers Limited,INE0RHD01013,NSE Emerge,ETML.NS
EXCELLENT,NSE,,Excellent Wires and Packaging Limited,INE0Y4801011,NSE Emerge,EXCELLENT.NS
EXIMROUTES,NSE,,Exim Routes Limited,INE19I001020,NSE Emerge,EXIMROUTES.NS
FALCONTECH,NSE,,Falcon Technoprojects India Limited,INE0PQK01013,NSE Emerge,FALCONTECH.NS
FELIX,NSE,,Felix Industries Limited,INE901X01013,NSE Emerge,FELIX.NS
FIDEL,NSE,,Fidel Softech Limited,INE0LQQ01019,NSE Emerge,FIDEL.NS
FINBUD,NSE,,Finbud Financial Services Limited,INE0EDU01014,NSE Emerge,FINBUD.NS
FLYSBS,NSE,,FlySBS Aviation Limited,INE0VCK01011,NSE Emerge,FLYSBS.NS
FOCE,NSE,,Foce India Limited,INE0I7D01019,NSE Emerge,FOCE.NS
FONEBOX,NSE,,Fonebox Retail Limited,INE0Q4701019,NSE Emerge,FONEBOX.NS
FORCAS,NSE,,Forcas Studio Limited,INE0U2501017,NSE Emerge,FORCAS.NS
FORGEAUTO,NSE,,Forge Auto International Limited,INE0YKW01013,NSE Emerge,FORGEAUTO.NS
FRESHARA,NSE,,Freshara Agro Exports Limited,INE0SFW01015,NSE Emerge,FRESHARA.NS
FROG,NSE,,Frog Innovations Limited,INE385O01018,NSE Emerge,FROG.NS
FWSTC,NSE,,Flywings Simulator Training Centre Limited,INE0SQZ01015,NSE Emerge,FWSTC.NS
GAJANAND,NSE,,Gajanand International Limited,INE0QTE01018,NSE Emerge,GAJANAND.NS
GANESHIN,NSE,,Ganesh Infraworld Limited,INE0TVT01024,NSE Emerge,GANESHIN.NS
GANGABATH,NSE,,Ganga Bath Fittings Limited,INE0ZI101018,NSE Emerge,GANGABATH.NS
GCHOTELS,NSE,,Grand Continent Hotels Limited,INE12E301017,NSE Emerge,GCHOTELS.NS
GENXAI,NSE,,GenXAI Analytics Limited,INE1W0N01014,NSE Emerge,GENXAI.NS
GGBL,NSE,,Ganesh Green Bharat Limited,INE0R8C01018,NSE Emerge,GGBL.NS
GIRIRAJ,NSE,,Giriraj Civil Developers Limited,INE614Z01017,NSE Emerge,GIRIRAJ.NS
GJL,NSE,,Grover Jewells Limited,INE1TY801010,NSE Emerge,GJL.NS
GLOBALPET,NSE,,Global Pet Industries Limited,INE0PS501019,NSE Emerge,GLOBALPET.NS
GML,NSE,,Galaxy Medicare Limited,INE09A801015,NSE Emerge,GML.NS
GOLDKART,NSE,,Goldkart Jewels Limited,INE06MH01016,NSE Emerge,GOLDKART.NS
GOLDSTAR,NSE,,Goldstar Power Limited,INE405Y01021,NSE Emerge,GOLDSTAR.NS
GOYALSALT,NSE,,Goyal Salt Limited,INE0QFE01017,NSE Emerge,GOYALSALT.NS
GPECO,NSE,,GP Eco Solutions India Limited,INE0S7E01015,NSE Emerge,GPECO.NS
GRAPHISAD,NSE,,Graphisads Limited,INE0POU01017,NSE Emerge,GRAPHISAD.NS
GRCL,NSE,,Gayatri Rubbers And Chemicals Limited,INE0LVM01018,NSE Emerge,GRCL.NS
GREENCHEF,NSE,,Greenchef Appliances Limited,INE0O7P01015,NSE Emerge,GREENCHEF.NS
GREENLEAF,NSE,,Greenleaf Envirotech Limited,INE0PLX01017,NSE Emerge,GREENLEAF.NS
GRETEX,NSE,,Gretex Industries Limited,INE985P01012,NSE Emerge,GRETEX.NS
GSMFOILS,NSE,,GSM Foils Limited,INE0SQY01018,NSE Emerge,GSMFOILS.NS
GSTL,NSE,,Globesecure Technologies Limited,INE00WS01056,NSE Emerge,GSTL.NS
GURUNANAK,NSE,,Gurunanak Agriculture India Limited,INE1CCX01012,NSE Emerge,GURUNANAK.NS
HAPPY,NSE,,Happy Steels Limited,INE1GFG01011,NSE Emerge,HAPPY.NS
HIGREEN,NSE,,Hi-Green Carbon Limited,INE0PIC01017,NSE Emerge,HIGREEN.NS
HOACFOODS,NSE,,Hoac Foods India Limited,INE0S6S01017,NSE Emerge,HOACFOODS.NS
HOLMARC,NSE,,Holmarc Opto-Mechatronics Limited,INE0LXA01019,NSE Emerge,HOLMARC.NS
HOMESFY,NSE,,Homesfy Realty Limited,INE0N7F01017,NSE Emerge,HOMESFY.NS
HPTL,NSE,,HP Telecom India Limited,INE0VA601019,NSE Emerge,HPTL.NS
HRHNEXT,NSE,,HRH Next Services Limited,INE0R3501012,NSE Emerge,HRHNEXT.NS
HVAX,NSE,,HVAX Technologies Limited,INE0TO501019,NSE Emerge,HVAX.NS
IBLFL,NSE,,IBL Finance Limited,INE0O7401018,NSE Emerge,IBLFL.NS
ICELCO,NSE,,IC Electricals Company Limited,INE0XE501015,NSE Emerge,ICELCO.NS
IDEALTECHO,NSE,,Ideal Technoplast Industries Limited,INE0T9I01011,NSE Emerge,IDEALTECHO.NS
IDENTICAL,NSE,,Identical Brains Studios Limited,INE0TD101011,NSE Emerge,IDENTICAL.NS
IEML,NSE,,Indian Emulsifiers Limited,INE0RRU01016,NSE Emerge,IEML.NS
INDIFRA,NSE,,Indifra Limited,INE0PS301014,NSE Emerge,INDIFRA.NS
INFINIUM,NSE,,Infinium Pharmachem Limited,INE0MRE01011,NSE Emerge,INFINIUM.NS
INFLUX,NSE,,Influx Healthtech Limited,INE0MYZ01012,NSE Emerge,INFLUX.NS
INFOLLION,NSE,,Infollion Research Services Limited,INE0NNZ01013,NSE Emerge,INFOLLION.NS
INM,NSE,,Interiors & More Limited,INE0OPC01015,NSE Emerge,INM.NS
INNOMET,NSE,,Innomet Advanced Materials Limited,INE0S1D01010,NSE Emerge,INNOMET.NS
INSPIRE,NSE,,Inspire Films Limited,INE0NDX01019,NSE Emerge,INSPIRE.NS
INTEGRITY,NSE,,Integrity Infrabuild Developers Limited,INE0YSH01017,NSE Emerge,INTEGRITY.NS
INVICTA,NSE,,Invicta Diagnostic Limited,INE0XJ501010,NSE Emerge,INVICTA.NS
IPHL,NSE,,Indian Phosphate Limited,INE0DHF01018,NSE Emerge,IPHL.NS
IPSL,NSE,,Integrated Personnel Services Limited,INE02EE01019,NSE Emerge,IPSL.NS
ISHAN,NSE,,Ishan International Limited,INE0LCW01025,NSE Emerge,ISHAN.NS
ITALIANE,NSE,,Italian Edibles Limited,INE0R7R01018,NSE Emerge,ITALIANE.NS
ITTL,NSE,,Innovative Tyres & Tubes Limited,INE070Y01023,NSE Emerge,ITTL.NS
IWARE,NSE,,Iware Supplychain Services Limited,INE1AII01014,NSE Emerge,IWARE.NS
JAINAM,NSE,,Jainam Ferro Alloys (I) Limited,INE02KC01010,NSE Emerge,JAINAM.NS
JAINIK,NSE,,Jainik Power Cables Limited,INE0XIL01012,NSE Emerge,JAINIK.NS
JAKHARIA,NSE,,JAKHARIA FABRIC LIMITED,INE00N401018,NSE Emerge,JAKHARIA.NS
JALAN,NSE,,Jalan Transolutions (India) Limited,INE349X01015,NSE Emerge,JALAN.NS
JAYBEE,NSE,,Jay Bee Laminations Limited,INE0SMY01017,NSE Emerge,JAYBEE.NS
JAYESH,NSE,,Jayesh Logistics Limited,INE1AE401014,NSE Emerge,JAYESH.NS
JETKNIT,NSE,,Jet Knitwears Limited,INE564T01017,NSE Emerge,JETKNIT.NS
JEYYAM,NSE,,Jeyyam Global Foods Limited,INE0RXB01022,NSE Emerge,JEYYAM.NS
JFLLIFE,NSE,,Jfl Life Sciences Limited,INE0LA901015,NSE Emerge,JFLLIFE.NS
JIWANRAM,NSE,,Jiwanram Sheoduttrai Industries Limited,INE0N5H01017,NSE Emerge,JIWANRAM.NS
JYOTIGLOBL,NSE,,Jyoti Global Plast Limited,INE1M3T01017,NSE Emerge,JYOTIGLOBL.NS
K2INFRA,NSE,,K2 Infragen Limited,INE0DEZ01013,NSE Emerge,K2INFRA.NS
KALANA,NSE,,Kalana Ispat Limited,INE0T0L01014,NSE Emerge,KALANA.NS
KANDARP,NSE,,Kandarp Digi Smart BPO Limited,INE0MOT01016,NSE Emerge,KANDARP.NS
KARNIKA,NSE,,Karnika Industries Limited,INE0MGA01012,NSE Emerge,KARNIKA.NS
KATARIA,NSE,,Kataria Industries Limited,INE0SVY01018,NSE Emerge,KATARIA.NS
KAYTEX,NSE,,Kaytex Fabrics Limited,INE13ZD01013,NSE Emerge,KAYTEX.NS
KCEIL,NSE,,Kay Cee Energy & Infra Limited,INE0RCG01017,NSE Emerge,KCEIL.NS
KCK,NSE,,Kck Industries Limited,INE0J1E01027,NSE Emerge,KCK.NS
KDL,NSE,,Kore Digital Limited,INE0O4R01018,NSE Emerge,KDL.NS
KEN,NSE,,Ken Enterprises Limited,INE15DO01012,NSE Emerge,KEN.NS
KHFM,NSE,,Khfm Hospitality And Facility Management Services Limited,INE00UG01014,NSE Emerge,KHFM.NS
KKJEWELS,NSE,,Kabra Jewels Limited,INE0XOW01017,NSE Emerge,KKJEWELS.NS
KKVAPOW,NSE,,KKV Agro Powers Limited,INE239T01016,NSE Emerge,KKVAPOW.NS
KLL,NSE,,Kaushalya Logistics Limited,INE0Q2V01012,NSE Emerge,KLL.NS
KODYTECH,NSE,,Kody Technolab Limited,INE0Q7P01013,NSE Emerge,KODYTECH.NS
KONSTELEC,NSE,,Konstelec Engineers Limited,INE0QEI01011,NSE Emerge,KONSTELEC.NS
KONTOR,NSE,,Kontor Space Limited,INE0KZ301010,NSE Emerge,KONTOR.NS
KORE,NSE,,Jay Jalaram Technologies Limited,INE0J6801010,NSE Emerge,KORE.NS
KRISHCA,NSE,,Krishca Strapping Solutions Limited,INE0NR701018,NSE Emerge,KRISHCA.NS
KRMAYURVED,NSE,,KRM Ayurveda Limited,INE1MTV01019,NSE Emerge,KRMAYURVED.NS
LAKSHYA,NSE,,Lakshya Powertech Limited,INE0VZS01015,NSE Emerge,LAKSHYA.NS
LAMOSAIC,NSE,,Lamosaic India Limited,INE0R0201012,NSE Emerge,LAMOSAIC.NS
LLOYDS,NSE,,Lloyds Luxuries Limited,INE0DTQ01028,NSE Emerge,LLOYDS.NS
LRRPL,NSE,,Lead Reclaim And Rubber Products Limited,INE0H4B01011,NSE Emerge,LRRPL.NS
MACOBSTECH,NSE,,Macobs Technologies Limited,INE0R0J01010,NSE Emerge,MACOBSTECH.NS
MADHAVBAUG,NSE,,Vaidya Sane Ayurved Laboratories Limited,INE0JR301013,NSE Emerge,MADHAVBAUG.NS
MADHUSUDAN,NSE,,Madhusudan Masala Limited,INE0P6701019,NSE Emerge,MADHUSUDAN.NS
MAGSON,NSE,,Magson Retail And Distribution Limited,INE0O1S01012,NSE Emerge,MAGSON.NS
MAHICKRA,NSE,,Mahickra Chemicals Limited,INE961Y01015,NSE Emerge,MAHICKRA.NS
MAITREYA,NSE,,Maitreya Medicare Limited,INE0PLQ01011,NSE Emerge,MAITREYA.NS
MAKS,NSE,,Maks Energy Solutions India Limited,INE0CDK01019,NSE Emerge,MAKS.NS
MAL,NSE,,Mangalam Alloys Limited,INE00C401011,NSE Emerge,MAL.NS
MANAV,NSE,,Manav Infra Projects Limited,INE104Y01012,NSE Emerge,MANAV.NS
MANDEEP,NSE,,Mandeep Auto Industries Limited,INE0R3T01013,NSE Emerge,MANDEEP.NS
MANILAM,NSE,,Manilam Industries India Limited,INE1ERK01013,NSE Emerge,MANILAM.NS
MARC,NSE,,Marc Technocrats Limited,INE0TD401015,NSE Emerge,MARC.NS
MARCO,NSE,,Marco Cables & Conductors Limited,INE0QP001012,NSE Emerge,MARCO.NS
MARINETRAN,NSE,,Marinetrans India Limited,INE0P1P01017,NSE Emerge,MARINETRAN.NS
MARUSHIKA,NSE,,Marushika Technology Limited,INE0X7G01013,NSE Emerge,MARUSHIKA.NS
MASON,NSE,,Mason Infratech Limited,INE0SH001010,NSE Emerge,MASON.NS
MASTER,NSE,,Master Components Limited,INE0OJM01017,NSE Emerge,MASTER.NS
MAXPOSURE,NSE,,Maxposure Limited,INE0ECC01022,NSE Emerge,MAXPOSURE.NS
MAXVOLT,NSE,,Maxvolt Energy Industries Limited,INE10A501018,NSE Emerge,MAXVOLT.NS
MAYASHEEL,NSE,,Mayasheel Ventures Limited,INE0ZTO01018,NSE Emerge,MAYASHEEL.NS
MCON,NSE,,Mcon Rasayan India Limited,INE0O4M01019,NSE Emerge,MCON.NS
MDL,NSE,,Marvel Decor Limited,INE575Z01010,NSE Emerge,MDL.NS
MEDIORG,NSE,,Medicamen Organics Limited,INE0PE401018,NSE Emerge,MEDIORG.NS
MEDISTEP,NSE,,Medistep Healthcare Limited,INE0UOY01019,NSE Emerge,MEDISTEP.NS
MEGAFLEX,NSE,,Mega Flex Plastics Limited,INE0G1D01014,NSE Emerge,MEGAFLEX.NS
MEGATHERM,NSE,,Megatherm Induction Limited,INE531R01010,NSE Emerge,MEGATHERM.NS
METALIC,NSE,,Metalic Technoforge Limited,INE1II801013,NSE Emerge,METALIC.NS
MGSL,NSE,,Matrix Geo Solutions Limited,INE132901013,NSE Emerge,MGSL.NS
MHHL,NSE,,Mohini Health & Hygiene Limited,INE450S01011,NSE Emerge,MHHL.NS
MICROPRO,NSE,,Micropro Software Solutions Limited,INE0PZK01014,NSE Emerge,MICROPRO.NS
MIEL,NSE,,Manglam Infra & Engineering Limited,INE0R3101011,NSE Emerge,MIEL.NS
MILTON,NSE,,Milton Industries Limited,INE376Y01016,NSE Emerge,MILTON.NS
MINDPOOL,NSE,,Mindpool Technologies Limited,INE00RQ01019,NSE Emerge,MINDPOOL.NS
MMEL,NSE,,Moving Media Entertainment Limited,INE0XM301010,NSE Emerge,MMEL.NS
MOBILISE,NSE,,Mobilise App Lab Limited,INE1YNB01019,NSE Emerge,MOBILISE.NS
MONOLITH,NSE,,Monolithisch India Limited,INE1DV401010,NSE Emerge,MONOLITH.NS
MONOPHARMA,NSE,,Mono Pharmacare Limited,INE0OIP01012,NSE Emerge,MONOPHARMA.NS
MOS,NSE,,Mos Utility Limited,INE0N7S01028,NSE Emerge,MOS.NS
MOXSH,NSE,,Moxsh Overseas Educon Limited,INE0N6D01014,NSE Emerge,MOXSH.NS
MPEL,NSE,,Manas Polymers and Energies Limited,INE0U4H01011,NSE Emerge,MPEL.NS
MPTODAY,NSE,,Madhya Pradesh Today Media Limited,INE105Y01019,NSE Emerge,MPTODAY.NS
MRIL,NSE,,Mahendra Realtors & Infrastructure Limited,INE632Q01018,NSE Emerge,MRIL.NS
MUNISH,NSE,,Munish Forge Limited,INE1K8Y01018,NSE Emerge,MUNISH.NS
MVKAGRO,NSE,,M.V.K. Agro Food Product Limited,INE0SGC01015,NSE Emerge,MVKAGRO.NS
MYMUDRA,NSE,,My Mudra Fincorp Limited,INE0RVQ01016,NSE Emerge,MYMUDRA.NS
NAMAN,NSE,,Naman Industries Proxima Limited,INE0RJM01010,NSE Emerge,NAMAN.NS
NAMOEWASTE,NSE,,Namo eWaste Management Limited,INE08NZ01012,NSE Emerge,NAMOEWASTE.NS
NEELAM,NSE,,Neelam Linens and Garments (India) Limited,INE0N1401016,NSE Emerge,NEELAM.NS
NEOCHEM,NSE,,Neochem Bio Solutions Limited,INE21UM01018,NSE Emerge,NEOCHEM.NS
NEPHROCARE,NSE,,Nephro Care India Limited,INE0SUN01013,NSE Emerge,NEPHROCARE.NS
NEPTUNE,NSE,,Neptune Petrochemicals Limited,INE156901014,NSE Emerge,NEPTUNE.NS
NEWJAISA,NSE,,Newjaisa Technologies Limited,INE0PW501021,NSE Emerge,NEWJAISA.NS
NFPSAMPOOR,NSE,,NFP Sampoorna Foods Limited,INE0T1501010,NSE Emerge,NFPSAMPOOR.NS
NIDAN,NSE,,Nidan Laboratories and Healthcare Limited,INE0J6L01013,NSE Emerge,NIDAN.NS
NIKITA,NSE,,NIKITA GREENTECH RECYCLING LIMITED,INE0FLF01015,NSE Emerge,NIKITA.NS
NIRMAN,NSE,,Nirman Agri Genetics Limited,INE0OK701014,NSE Emerge,NIRMAN.NS
NMSTEEL,NSE,,Newmalayalam Steel Limited,INE0TP801012,NSE Emerge,NMSTEEL.NS
NRVANDANA,NSE,,N R Vandana Tex Industries Limited,INE104101014,NSE Emerge,NRVANDANA.NS
OBSCP,NSE,,OBSC Perfection Limited,INE0YHV01011,NSE Emerge,OBSCP.NS
OLIL,NSE,,Oneclick Logistics India Limited,INE0OPS01011,NSE Emerge,OLIL.NS
OMFURN,NSE,,Omfurn India Limited,INE338Y01016,NSE Emerge,OMFURN.NS
ONDOOR,NSE,,On Door Concepts Limited,INE00ER01015,NSE Emerge,ONDOOR.NS
ONYX,NSE,,Onyx Biotec Limited,INE0WVU01018,NSE Emerge,ONYX.NS
OPTIVALUE,NSE,,Optivalue Tek Consulting Limited,INE15B101011,NSE Emerge,OPTIVALUE.NS
ORIANA,NSE,,Oriana Power Limited,INE0OUT01019,NSE Emerge,ORIANA.NS
OSELDEVICE,NSE,,Osel Devices Limited,INE0RMF01018,NSE Emerge,OSELDEVICE.NS
OWAIS,NSE,,Owais Metal And Mineral Processing Limited,INE0R8M01017,NSE Emerge,OWAIS.NS
PARAGON,NSE,,Paragon Fine and Speciality Chemical Limited,INE0N4G01012,NSE Emerge,PARAGON.NS
PARAMATRIX,NSE,,Paramatrix Technologies Limited,INE0S2W01018,NSE Emerge,PARAMATRIX.NS
PARAMOUNT,NSE,,Paramount Dye Tec Limited,INE0TG801013,NSE Emerge,PARAMOUNT.NS
PARAMPARA,NSE,,PARAMPARA DAIRY DELIGHTS LIMITED,INE749Y01014,NSE Emerge,PARAMPARA.NS
PARIN,NSE,,Parin Enterprises Limited,INE00U801010,NSE Emerge,PARIN.NS
PARTH,NSE,,Parth Electricals & Engineering Limited,INE1H7V01011,NSE Emerge,PARTH.NS
PARTYCRUS,NSE,,Party Cruisers Limited,INE06ZX01015,NSE Emerge,PARTYCRUS.NS
PATILAUTOM,NSE,,Patil Automation Limited,INE17GV01016,NSE Emerge,PATILAUTOM.NS
PATTECH,NSE,,Pattech Fitwell Tube Components Limited,INE0NZW01014,NSE Emerge,PATTECH.NS
PCCL,NSE,,Petro Carbon and Chemicals Limited,INE998U01015,NSE Emerge,PCCL.NS
PELATRO,NSE,,Pelatro Limited,INE0VG601013,NSE Emerge,PELATRO.NS
PENTAGON,NSE,,Pentagon Rubber Limited,INE0ORS01017,NSE Emerge,PENTAGON.NS
PHANTOMFX,NSE,,Phantom Digital Effects Limited,INE0MLZ01019,NSE Emerge,PHANTOMFX.NS
PHOGLOBAL,NSE,,Phoenix Overseas Limited,INE0FPO01018,NSE Emerge,PHOGLOBAL.NS
PLADAINFO,NSE,,Plada Infotech Services Limited,INE0PXD01014,NSE Emerge,PLADAINFO.NS
POLYSIL,NSE,,Polysil Irrigation Systems Limited,INE517M01028,NSE Emerge,POLYSIL.NS
POSITRON,NSE,,Positron Energy Limited,INE0S3H01017,NSE Emerge,POSITRON.NS
PPSL,NSE,,Picturepost Studios Limited,INE0YAL01017,NSE Emerge,PPSL.NS
PRAMARA,NSE,,Pramara Promotions Limited,INE0O7A01017,NSE Emerge,PRAMARA.NS
PRANIK,NSE,,Pranik Logistics Limited,INE0VJG01014,NSE Emerge,PRANIK.NS
PRATHAM,NSE,,Pratham EPC Projects Limited,INE0QA601016,NSE Emerge,PRATHAM.NS
PRECISION,NSE,,Precision Metaliks Limited,INE0HKW01018,NSE Emerge,PRECISION.NS
PREMIUM,NSE,,Premium Plast Limited,INE0M1F01011,NSE Emerge,PREMIUM.NS
PRESSTONIC,NSE,,Presstonic Engineering Limited,INE0R1601012,NSE Emerge,PRESSTONIC.NS
PRIMECAB,NSE,,Prime Cable Industries Limited,INE0CQA01020,NSE Emerge,PRIMECAB.NS
PRITIKA,NSE,,Pritika Engineering Components Limited,INE0MJQ01020,NSE Emerge,PRITIKA.NS
PRIZOR,NSE,,Prizor Viztech Limited,INE0V9N01017,NSE Emerge,PRIZOR.NS
PRLIND,NSE,,Premier Roadlines Limited,INE0CFG01012,NSE Emerge,PRLIND.NS
PROFX,NSE,,Pro FX Tech Limited,INE0VJT01017,NSE Emerge,PROFX.NS
PROLIFE,NSE,,Prolife Industries Limited,INE994V01012,NSE Emerge,PROLIFE.NS
PROPEQUITY,NSE,,P. E. Analytics Limited,INE0KN801013,NSE Emerge,PROPEQUITY.NS
PROPSHOP,NSE,,Propshop Events and Exhibitions Limited,INE1FFX01018,NSE Emerge,PROPSHOP.NS
PROV,NSE,,Proventus Agrocom Limited,INE0ONE01016,NSE Emerge,PROV.NS
PSFL,NSE,,Paramount Speciality Forgings Limited,INE0Q6001012,NSE Emerge,PSFL.NS
PSRAJ,NSE,,P S Raj Steels Limited,INE0XUS01020,NSE Emerge,PSRAJ.NS
PULZ,NSE,,Pulz Electronics Limited,INE335X01014,NSE Emerge,PULZ.NS
PURPLEUTED,NSE,,Purple United Sales Limited,INE0P5R01014,NSE Emerge,PURPLEUTED.NS
PURVFLEXI,NSE,,Purv Flexipack Limited,INE0R6C01012,NSE Emerge,PURVFLEXI.NS
PUSHPA,NSE,,Pushpa Jewellers Limited,INE154801018,NSE Emerge,PUSHPA.NS
QFIL,NSE,,Quality Foils (India) Limited,INE0O1M01015,NSE Emerge,QFIL.NS
QLINE,NSE,,Q-Line Biotech Limited,INE1G2W01011,NSE Emerge,QLINE.NS
QUADPRO,NSE,,Quadpro Ites Limited,INE0GOJ01027,NSE Emerge,QUADPRO.NS
QUESTLAB,NSE,,Quest Laboratories Limited,INE0TNW01017,NSE Emerge,QUESTLAB.NS
QUICKTOUCH,NSE,,Quicktouch Technologies Limited,INE0K4D01020,NSE Emerge,QUICKTOUCH.NS
QVCEL,NSE,,QVC Exports Limited,INE0KZF01015,NSE Emerge,QVCEL.NS
RADIOWALLA,NSE,,Radiowalla Network Limited,INE430U01019,NSE Emerge,RADIOWALLA.NS
RAJINDLTD,NSE,,Rajputana Industries Limited,INE0PCU01012,NSE Emerge,RAJINDLTD.NS
RAJPUTANA,NSE,,Rajputana Biodiesel Limited,INE0VHU01019,NSE Emerge,RAJPUTANA.NS
RAPIDFLEET,NSE,,Rapid Fleet Management Services Limited,INE0QX901013,NSE Emerge,RAPIDFLEET.NS
RAPPID,NSE,,Rappid Valves (India) Limited,INE0MVO01012,NSE Emerge,RAPPID.NS
RBMINFRA,NSE,,Rbm Infracon Limited,INE0NA301016,NSE Emerge,RBMINFRA.NS
RBS,NSE,,Ramdevbaba Solvent Limited,INE0RJH01010,NSE Emerge,RBS.NS
RCDL,NSE,,Rajgor Castor Derivatives Limited,INE0BZQ01011,NSE Emerge,RCDL.NS
READYMIX,NSE,,Readymix Construction Machinery Limited,INE10QL01011,NSE Emerge,READYMIX.NS
REFRACTORY,NSE,,Refractory Shapes Limited,INE0TNX01015,NSE Emerge,REFRACTORY.NS
REMUS,NSE,,Remus Pharmaceuticals Limited,INE0O5T01011,NSE Emerge,REMUS.NS
REXPIPES,NSE,,Rex Pipes And Cables Industries Limited,INE00D001018,NSE Emerge,REXPIPES.NS
REXPRO,NSE,,Rexpro Enterprises Limited,INE113601012,NSE Emerge,REXPRO.NS
RFBL,NSE,,RFBL Flexi Pack Limited,INE0V2V01015,NSE Emerge,RFBL.NS
RICHA,NSE,,Richa Info Systems Limited,INE0J1P01015,NSE Emerge,RICHA.NS
RILINFRA,NSE,,Rachana Infrastructure Limited,INE02OY01016,NSE Emerge,RILINFRA.NS
RITEZONE,NSE,,Rite Zone Chemcon India Limited,INE0MRA01019,NSE Emerge,RITEZONE.NS
RNFI,NSE,,RNFI Services Limited,INE0SA001017,NSE Emerge,RNFI.NS
RNPL,NSE,,Renol Polychem Limited,INE0VZX01015,NSE Emerge,RNPL.NS
ROCKINGDCE,NSE,,Rockingdeals Circular Economy Limited,INE0PTR01012,NSE Emerge,ROCKINGDCE.NS
ROXHITECH,NSE,,Rox Hi Tech Limited,INE0PDJ01013,NSE Emerge,ROXHITECH.NS
ROYALARC,NSE,,Royal Arc Electrodes Limited,INE0EO401019,NSE Emerge,ROYALARC.NS
RTL,NSE,,Rama Telecom Limited,INE14W901010,NSE Emerge,RTL.NS
RULKA,NSE,,Rulka Electricals Limited,INE0R7301013,NSE Emerge,RULKA.NS
SAAKSHI,NSE,,Saakshi Medtech and Panels Limited,INE0PSK01027,NSE Emerge,SAAKSHI.NS
SABAR,NSE,,Sabar Flex India Limited,INE0DZ101013,NSE Emerge,SABAR.NS
SACHEEROME,NSE,,Sacheerome Limited,INE1ARD01016,NSE Emerge,SACHEEROME.NS
SADHAV,NSE,,Sadhav Shipping Limited,INE0K5H01010,NSE Emerge,SADHAV.NS
SAFEENTP,NSE,,Safe Enterprises Retail Fixtures Limited,INE17D601016,NSE Emerge,SAFEENTP.NS
SAHAJSOLAR,NSE,,Sahaj Solar Limited,INE0P4701011,NSE Emerge,SAHAJSOLAR.NS
SAHANA,NSE,,Sahana System Limited,INE0LEX01011,NSE Emerge,SAHANA.NS
SAHASRA,NSE,,Sahasra Electronic Solutions Limited,INE0RBQ01018,NSE Emerge,SAHASRA.NS
SAIFL,NSE,,Sameera Agro And Infra Limited,INE0PZA01015,NSE Emerge,SAIFL.NS
SAJHOTELS,NSE,,Saj Hotels Limited,INE00MT01022,NSE Emerge,SAJHOTELS.NS
SAMAY,NSE,,Samay Project Services Limited,INE124101010,NSE Emerge,SAMAY.NS
SANGANI,NSE,,Sangani Hospitals Limited,INE0OVI01010,NSE Emerge,SANGANI.NS
SAROJA,NSE,,Saroja Pharma Industries India Limited,INE0PCL01011,NSE Emerge,SAROJA.NS
SARTELE,NSE,,Sar Televenture Limited,INE0PUC01020,NSE Emerge,SARTELE.NS
SATECH,NSE,,S A Tech Software India Limited,INE0BSN01013,NSE Emerge,SATECH.NS
SATIPOLY,NSE,,Sati Poly Plast Limited,INE0RPM01017,NSE Emerge,SATIPOLY.NS
SATKARTAR,NSE,,Sat Kartar Life Limited,INE0NB801022,NSE Emerge,SATKARTAR.NS
SATTVAENGG,NSE,,Sattva Engineering Construction Limited,INE14DW01018,NSE Emerge,SATTVAENGG.NS
SAVY,NSE,,Savy Infra and Logistics Limited,INE0UCN01017,NSE Emerge,SAVY.NS
SAWALIYA,NSE,,Sawaliya Food Products Limited,INE10VS01016,NSE Emerge,SAWALIYA.NS
SCML,NSE,,Sharp Chucks and Machines Limited,INE460Q01014,NSE Emerge,SCML.NS
SDREAMS,NSE,,S D Retail Limited,INE0X6F01017,NSE Emerge,SDREAMS.NS
SEL,NSE,,Sungarner Energies Limited,INE0O3O01017,NSE Emerge,SEL.NS
SELLOWRAP,NSE,,Sellowrap Industries Limited,INE0IJF01013,NSE Emerge,SELLOWRAP.NS
SERVICE,NSE,,Service Care Limited,INE0P1Q01015,NSE Emerge,SERVICE.NS
SFML,NSE,,Supreme Facility Management Limited,INE0U6N01014,NSE Emerge,SFML.NS
SHAIVAL,NSE,,Shaival Reality Limited,INE262S01010,NSE Emerge,SHAIVAL.NS
SHANTHALA,NSE,,Shanthala FMCG Products Limited,INE0Q9Q01017,NSE Emerge,SHANTHALA.NS
SHEEL,NSE,,Sheel Biotech Limited,INE0YJV01017,NSE Emerge,SHEEL.NS
SHEETAL,NSE,,Sheetal Universal Limited,INE04VX01019,NSE Emerge,SHEETAL.NS
SHERA,NSE,,Shera Energy Limited,INE0MM001019,NSE Emerge,SHERA.NS
SHETHJI,NSE,,Shreeji Global FMCG Limited,INE1FL101016,NSE Emerge,SHETHJI.NS
SHIGAN,NSE,,Shigan Quantum Technologies Limited,INE03KJ01013,NSE Emerge,SHIGAN.NS
SHIVASHRIT,NSE,,Shivashrit Foods Limited,INE1DLF01018,NSE Emerge,SHIVASHRIT.NS
SHKSIL,NSE,,Shri Hare-Krishna Sponge Iron Limited,INE0NON01025,NSE Emerge,SHKSIL.NS
SHREEDHAR,NSE,,Shreedhar Spinners Limited,INE0K3301012,NSE Emerge,SHREEDHAR.NS
SHREEKARNI,NSE,,Shree Karni Fabcom Limited,INE0S4Y01010,NSE Emerge,SHREEKARNI.NS
SHREEOSFM,NSE,,Shree OSFM E-Mobility Limited,INE02S501018,NSE Emerge,SHREEOSFM.NS
SHRIAHIMSA,NSE,,Shri Ahimsa Naturals Limited,INE0DM401012,NSE Emerge,SHRIAHIMSA.NS
SHRIKANHA,NSE,,Shri Kanha Stainless Limited,INE1V4601019,NSE Emerge,SHRIKANHA.NS
SHRITECH,NSE,,Shri Techtex Limited,INE0OMF01015,NSE Emerge,SHRITECH.NS
SHUBHLAXMI,NSE,,Shubhlaxmi Jewel Art Limited,INE01Z401013,NSE Emerge,SHUBHLAXMI.NS
SHUBHSHREE,NSE,,Shubhshree Biofuels Energy Limited,INE0UL701015,NSE Emerge,SHUBHSHREE.NS
SHYAMDHANI,NSE,,Shyam Dhani Industries Limited,INE1CRP01016,NSE Emerge,SHYAMDHANI.NS
SIDDHICOTS,NSE,,Siddhi Cotspin Limited,INE0SVO01019,NSE Emerge,SIDDHICOTS.NS
SIDDHIKA,NSE,,Siddhika Coatings Limited,INE0A1E01018,NSE Emerge,SIDDHIKA.NS
SIGNORIA,NSE,,Signoria Creation Limited,INE0RDE01010,NSE Emerge,SIGNORIA.NS
SILKFLEX,NSE,,Silkflex Polymers (India) Limited,INE0STN01015,NSE Emerge,SILKFLEX.NS
SILKY,NSE,,Silky Overseas Limited,INE0SN801015,NSE Emerge,SILKY.NS
SIMCA,NSE,,Simca Advertising Limited,INE1K4J01018,NSE Emerge,SIMCA.NS
SJLOGISTIC,NSE,,S J Logistics (India) Limited,INE0F3301020,NSE Emerge,SJLOGISTIC.NS
SKP,NSE,,SKP Bearing Industries Limited,INE0KZA01016,NSE Emerge,SKP.NS
SLONE,NSE,,Slone Infosystems Limited,INE0SMA01017,NSE Emerge,SLONE.NS
SMARTEN,NSE,,Smarten Power Systems Limited,INE14GK01016,NSE Emerge,SMARTEN.NS
SMVD,NSE,,SMVD Poly Pack Limited,INE702Y01013,NSE Emerge,SMVD.NS
SNEHAA,NSE,,Snehaa Organics Limited,INE1OIC01018,NSE Emerge,SNEHAA.NS
SOCL,NSE,,Sundrex Oil Company Limited,INE0CTB01014,NSE Emerge,SOCL.NS
SONAMAC,NSE,,Sona Machinery Limited,INE0Q6H01012,NSE Emerge,SONAMAC.NS
SONUINFRA,NSE,,Sonu Infratech Limited,INE0JZA01018,NSE Emerge,SONUINFRA.NS
SOTAC,NSE,,Sotac Pharmaceuticals Limited,INE0O2D01012,NSE Emerge,SOTAC.NS
SPCL,NSE,,Shivalic Power Control Limited,INE0T7B01010,NSE Emerge,SPCL.NS
SPCON,NSE,,Srinibas Pradhan Constructions Limited,INE0TPJ01019,NSE Emerge,SPCON.NS
SPEB,NSE,,Speb Adhesives Limited,INE1CW901027,NSE Emerge,SPEB.NS
SPECTSTM,NSE,,Spectrum Talent Management Limited,INE0OL001018,NSE Emerge,SPECTSTM.NS
SPPPOLY,NSE,,SPP Polymer Limited,INE0QR801013,NSE Emerge,SPPPOLY.NS
SPRL,NSE,,Sp Refractories Limited,INE0JW501011,NSE Emerge,SPRL.NS
SPUNWEB,NSE,,Spunweb Nonwoven Limited,INE19QH01010,NSE Emerge,SPUNWEB.NS
SRIVASAVI,NSE,,Srivasavi Adhesive Tapes Limited,INE0NPI01014,NSE Emerge,SRIVASAVI.NS
SSEGL,NSE,,Sathlokhar Synergys E&C Global Limited,INE0RFP01011,NSE Emerge,SSEGL.NS
SSFL,NSE,,Srivari Spices And Foods Limited,INE0ON201012,NSE Emerge,SSFL.NS
STRIDERS,NSE,,Striders Impex Limited,INE1XWN01017,NSE Emerge,STRIDERS.NS
STUDIOLSD,NSE,,Studio LSD Limited,INE17VO01028,NSE Emerge,STUDIOLSD.NS
SUBAHOTELS,NSE,,Suba Hotels Limited,INE0RYR01018,NSE Emerge,SUBAHOTELS.NS
SUNLITE,NSE,,Sunlite Recycling Industries Limited,INE0U2N01013,NSE Emerge,SUNLITE.NS
SUNREST,NSE,,Sunrest Lifescience Limited,INE0PLZ01012,NSE Emerge,SUNREST.NS
SUNTECH,NSE,,Suntech Infra Solutions Limited,INE0SGZ01016,NSE Emerge,SUNTECH.NS
SUPREMEPWR,NSE,,Supreme Power Equipment Limited,INE0QHG01026,NSE Emerge,SUPREMEPWR.NS
SURANI,NSE,,Surani Steel Tubes Limited,INE01ZJ01015,NSE Emerge,SURANI.NS
SWARAJ,NSE,,Swaraj Suiting Limited,INE0GMR01016,NSE Emerge,SWARAJ.NS
SWASTIK,NSE,,Swastik Pipe Limited,INE0DGC01025,NSE Emerge,SWASTIK.NS
SYLVANPLY,NSE,,Sylvan Plyboard (India) Limited,INE01IH01015,NSE Emerge,SYLVANPLY.NS
SYNOPTICS,NSE,,Synoptics Technologies Limited,INE0BTR01012,NSE Emerge,SYNOPTICS.NS
SYSTANGO,NSE,,Systango Technologies Limited,INE0O7R01011,NSE Emerge,SYSTANGO.NS
TAC,NSE,,TAC Infosec Limited,INE0SOY01013,NSE Emerge,TAC.NS
TANKUP,NSE,,Tankup Engineers Limited,INE0Z7N01017,NSE Emerge,TANKUP.NS
TAPIFRUIT,NSE,,Tapi Fruit Processing Limited,INE0M7001010,NSE Emerge,TAPIFRUIT.NS
TAURIAN,NSE,,Taurian MPS Limited,INE0XWS01018,NSE Emerge,TAURIAN.NS
TBI,NSE,,TBI Corn Limited,INE0N2D01013,NSE Emerge,TBI.NS
TCL,NSE,,Thaai Casting Limited,INE0QJL01014,NSE Emerge,TCL.NS
TEAMTECH,NSE,,Teamtech Formwork Solutions Limited,INE2OL601013,NSE Emerge,TEAMTECH.NS
TECHD,NSE,,TechD Cybersecurity Limited,INE0Y5H01014,NSE Emerge,TECHD.NS
TECHERA,NSE,,TechEra Engineering (India) Limited,INE0JQS01019,NSE Emerge,TECHERA.NS
TECHLABS,NSE,,Trident Techlabs Limited,INE0QD201012,NSE Emerge,TECHLABS.NS
TEJA,NSE,,Teja Engineering Industries Limited,INE0R1301019,NSE Emerge,TEJA.NS
TEJASCARGO,NSE,,Tejas Cargo India Limited,INE17WC01013,NSE Emerge,TEJASCARGO.NS
TGL,NSE,,Teerth Gopicon Limited,INE0K6601012,NSE Emerge,TGL.NS
THESL,NSE,,Thinking Hats Entertainment Solutions Limited,INE0SHE01019,NSE Emerge,THESL.NS
TIMESCAN,NSE,,Timescan Logistics (India) Limited,INE0IJY01014,NSE Emerge,TIMESCAN.NS
TIRUPATI,NSE,,Shree Tirupati Balajee FIBC Limited,INE238Y01018,NSE Emerge,TIRUPATI.NS
TRANSTEEL,NSE,,Transteel Seating Technologies Limited,INE0NVI01020,NSE Emerge,TRANSTEEL.NS
TRANSWIND,NSE,,Transwind Infrastructures Limited,INE792X01016,NSE Emerge,TRANSWIND.NS
TRIDHYA,NSE,,Tridhya Tech Limited,INE0LWY01029,NSE Emerge,TRIDHYA.NS
TROM,NSE,,Trom Industries Limited,INE0SYV01018,NSE Emerge,TROM.NS
TRUST,NSE,,Trust Fintech Limited,INE0SWN01019,NSE Emerge,TRUST.NS
TSC,NSE,,TSC India Limited,INE16VK01010,NSE Emerge,TSC.NS
TUNWAL,NSE,,Tunwal E-Motors Limited,INE0OXV01027,NSE Emerge,TUNWAL.NS
UCL,NSE,,Ushanti Colour Chem Limited,INE00NI01015,NSE Emerge,UCL.NS
UHTL,NSE,,United Heat Transfer Limited,INE0SMR01011,NSE Emerge,UHTL.NS
UMA,NSE,,Uma Converter Limited,INE067901012,NSE Emerge,UMA.NS
UNIHEALTH,NSE,,Unihealth Hospitals Limited,INE0PRF01011,NSE Emerge,UNIHEALTH.NS
UNILEX,NSE,,Unilex Colours and Chemicals Limited,INE0B2801011,NSE Emerge,UNILEX.NS
URBAN,NSE,,Urban Enviro Waste Management Limited,INE0O0201019,NSE Emerge,URBAN.NS
USASEEDS,NSE,,Upsurge Seeds Of Agriculture Limited,INE0CBM01019,NSE Emerge,USASEEDS.NS
USHAFIN,NSE,,Usha Financial Services Limited,INE0LS001014,NSE Emerge,USHAFIN.NS
UTKAL,NSE,,Utkal Speciality Industries India Limited,INE1V1R01014,NSE Emerge,UTKAL.NS
UTSSAV,NSE,,Utssav CZ Gold Jewels Limited,INE06IJ01010,NSE Emerge,UTSSAV.NS
UWCSL,NSE,,Ultra Wiring Connectivity System Limited,INE00F301010,NSE Emerge,UWCSL.NS
VALUE360,NSE,,Value 360 Communications Limited,INE1E7Y01018,NSE Emerge,VALUE360.NS
VASA,NSE,,Vasa Retail and Overseas Ltd,INE068Z01016,NSE Emerge,VASA.NS
VDEAL,NSE,,Vdeal System Limited,INE0U2M01015,NSE Emerge,VDEAL.NS
VEEKAYEM,NSE,,Veekayem Fashion and Apparels Limited,INE0KTW01013,NSE Emerge,VEEKAYEM.NS
VELS,NSE,,Vels Film International Limited,INE0I3H01019,NSE Emerge,VELS.NS
VERA,NSE,,Vera Synthetic Limited,INE709Z01015,NSE Emerge,VERA.NS
VERITAAS,NSE,,Veritaas Advertising Limited,INE0SRI01019,NSE Emerge,VERITAAS.NS
VERTEXPLUS,NSE,,Vertexplus Technologies Limited,INE0NLB01018,NSE Emerge,VERTEXPLUS.NS
VGINFOTECH,NSE,,Virtual Galaxy Infotech Limited,INE0VRH01015,NSE Emerge,VGINFOTECH.NS
VIAZ,NSE,,Viaz Tyres Limited,INE0MO401019,NSE Emerge,VIAZ.NS
VICTORYEV,NSE,,Victory Electric Vehicles International Limited,INE0F8901022,NSE Emerge,VICTORYEV.NS
VIESL,NSE,,Vision Infra Equipment Solutions Limited,INE0TR001017,NSE Emerge,VIESL.NS
VIGOR,NSE,,Vigor Plast India Limited,INE1DM601016,NSE Emerge,VIGOR.NS
VIJAYPD,NSE,,Vijaypd Ceutical Limited,INE0WL901019,NSE Emerge,VIJAYPD.NS
VILAS,NSE,,Vilas Transcore Limited,INE0AZY01017,NSE Emerge,VILAS.NS
VILINBIO,NSE,,Vilin Bio Med Limited,INE0L4V01013,NSE Emerge,VILINBIO.NS
VINSYS,NSE,,Vinsys IT Services India Limited,INE0OSJ01014,NSE Emerge,VINSYS.NS
VINYAS,NSE,,Vinyas Innovative Technologies Limited,INE0OLS01010,NSE Emerge,VINYAS.NS
VISAMAN,NSE,,Visaman Global Sales Limited,INE0BHK01012,NSE Emerge,VISAMAN.NS
VISDEM,NSE,,Visdem Technosys Limited,INE0OWX01025,NSE Emerge,VISDEM.NS
VISHNUINFR,NSE,,Vishnusurya Projects and Infra Limited,INE0PQ001012,NSE Emerge,VISHNUINFR.NS
VISHWAS,NSE,,Vishwas Agri Seeds Limited,INE0S2E01016,NSE Emerge,VISHWAS.NS
VIVIDEL,NSE,,Vivid Electromech Limited,INE24H301028,NSE Emerge,VIVIDEL.NS
VIVO,NSE,,Vivo Collaboration Solutions Limited,INE0IA701014,NSE Emerge,VIVO.NS
VLINFRA,NSE,,V.L.Infraprojects Limited,INE0QXL01015,NSE Emerge,VLINFRA.NS
VMARCIND,NSE,,V Marc India Limited,INE0GXK01018,NSE Emerge,VMARCIND.NS
VMOBILE,NSE,,Vinit Mobile Limited,INE27V201011,NSE Emerge,VMOBILE.NS
VOLERCAR,NSE,,Voler Car Limited,INE241X01014,NSE Emerge,VOLERCAR.NS
VR,NSE,,V R Infraspace Limited,INE0QQM01017,NSE Emerge,VR.NS
VSCL,NSE,,Vadivarhe Speciality Chemicals Limited,INE551Q01028,NSE Emerge,VSCL.NS
WALPAR,NSE,,Walpar Nutritions Limited,INE0G2G01015,NSE Emerge,WALPAR.NS
WHITEFORCE,NSE,,Happy Square Outsourcing Services Limited,INE0TLP01015,NSE Emerge,WHITEFORCE.NS
WINNY,NSE,,Winny Immigration & Education Services Limited,INE0S9101013,NSE Emerge,WINNY.NS
WINSOL,NSE,,Winsol Engineers Limited,INE0S3D01016,NSE Emerge,WINSOL.NS
WOL3D,NSE,,Wol 3D India Limited,INE0OO201011,NSE Emerge,WOL3D.NS
WOMANCART,NSE,,Womancart Limited,INE0Q9601016,NSE Emerge,WOMANCART.NS
WTICAB,NSE,,Wise Travel India Limited,INE623Y01011,NSE Emerge,WTICAB.NS
YAAP,NSE,,Yaap Digital Limited,INE0U0J01015,NSE Emerge,YAAP.NS
YASHOPTICS,NSE,,Yash Optics & Lens Limited,INE0TO601017,NSE Emerge,YASHOPTICS.NS
YCCL,NSE,,Yasons Chemex Care Limited,INE08S201019,NSE Emerge,YCCL.NS
YUDIZ,NSE,,Yudiz Solutions Limited,INE09FA01019,NSE Emerge,YUDIZ.NS
ZEAL,NSE,,Zeal Global Services Limited,INE0PPS01018,NSE Emerge,ZEAL.NS
ZENITHDRUG,NSE,,Zenith Drugs Limited,INE0QWN01013,NSE Emerge,ZENITHDRUG.NS
ZTECH,NSE,,Z-Tech (India) Limited,INE0ISZ01012,NSE Emerge,ZTECH.NS
